0 verbose cli /usr/local/bin/node /usr/local/bin/npm
1 info using npm@10.9.2
2 info using node@v22.17.0
3 silly config load:file:/usr/local/lib/node_modules/npm/npmrc
4 silly config load:file:/Users/sachingopalakrishnan/PasteBin/pasteflow/frontend/.npmrc
5 silly config load:file:/Users/sachingopalakrishnan/.npmrc
6 silly config load:file:/usr/local/etc/npmrc
7 verbose title npm install
8 verbose argv "install"
9 verbose logfile logs-max:10 dir:/Users/sachingopalakrishnan/PasteBin/pasteflow/frontend/.npm-local/_logs/2026-07-30T17_12_52_964Z-
10 verbose logfile /Users/sachingopalakrishnan/PasteBin/pasteflow/frontend/.npm-local/_logs/2026-07-30T17_12_52_964Z-debug-0.log
11 silly logfile done cleaning log files
12 silly packumentCache heap:4345298944 maxSize:1086324736 maxEntrySize:543162368
13 silly idealTree buildDeps
14 silly fetch manifest @monaco-editor/react@^4.6.0
15 silly packumentCache full:https://registry.npmjs.org/@monaco-editor%2freact cache-miss
16 http fetch GET 200 https://registry.npmjs.org/npm 3724ms
17 http fetch GET 200 https://registry.npmjs.org/@monaco-editor%2freact 4038ms (cache miss)
18 silly packumentCache full:https://registry.npmjs.org/@monaco-editor%2freact set size:undefined disposed:false
19 silly fetch manifest monaco-editor@>= 0.25.0 < 1
20 silly packumentCache full:https://registry.npmjs.org/monaco-editor cache-miss
21 http fetch GET 200 https://registry.npmjs.org/monaco-editor 233ms (cache miss)
22 silly packumentCache full:https://registry.npmjs.org/monaco-editor set size:undefined disposed:false
23 silly fetch manifest react@^18.2.0
24 silly packumentCache full:https://registry.npmjs.org/react cache-miss
25 http fetch GET 200 https://registry.npmjs.org/react 393ms (cache miss)
26 silly packumentCache full:https://registry.npmjs.org/react set size:undefined disposed:false
27 silly fetch manifest react-dom@^18.2.0
28 silly packumentCache full:https://registry.npmjs.org/react-dom cache-miss
29 http fetch GET 200 https://registry.npmjs.org/react-dom 327ms (cache miss)
30 silly packumentCache full:https://registry.npmjs.org/react-dom set size:undefined disposed:false
31 silly fetch manifest @tanstack/react-query@^5.28.9
32 silly packumentCache full:https://registry.npmjs.org/@tanstack%2freact-query cache-miss
33 http fetch GET 200 https://registry.npmjs.org/@tanstack%2freact-query 375ms (cache miss)
34 silly packumentCache full:https://registry.npmjs.org/@tanstack%2freact-query set size:undefined disposed:false
35 silly fetch manifest axios@^1.6.8
36 silly packumentCache full:https://registry.npmjs.org/axios cache-miss
37 http fetch GET 200 https://registry.npmjs.org/axios 93ms (cache miss)
38 silly packumentCache full:https://registry.npmjs.org/axios set size:undefined disposed:false
39 silly fetch manifest lucide-react@^0.364.0
40 silly packumentCache full:https://registry.npmjs.org/lucide-react cache-miss
41 http fetch GET 200 https://registry.npmjs.org/lucide-react 104ms (cache miss)
42 silly packumentCache full:https://registry.npmjs.org/lucide-react set size:undefined disposed:false
43 silly fetch manifest react-hook-form@^7.51.2
44 silly packumentCache full:https://registry.npmjs.org/react-hook-form cache-miss
45 http fetch GET 200 https://registry.npmjs.org/react-hook-form 436ms (cache miss)
46 silly packumentCache full:https://registry.npmjs.org/react-hook-form set size:undefined disposed:false
47 silly fetch manifest react-router-dom@^6.22.3
48 silly packumentCache full:https://registry.npmjs.org/react-router-dom cache-miss
49 http fetch GET 200 https://registry.npmjs.org/react-router-dom 147ms (cache miss)
50 silly packumentCache full:https://registry.npmjs.org/react-router-dom set size:undefined disposed:false
51 silly fetch manifest @types/react@^18.2.66
52 silly packumentCache full:https://registry.npmjs.org/@types%2freact cache-miss
53 http fetch GET 200 https://registry.npmjs.org/@types%2freact 148ms (cache miss)
54 silly packumentCache full:https://registry.npmjs.org/@types%2freact set size:undefined disposed:false
55 silly fetch manifest @types/react-dom@^18.2.22
56 silly packumentCache full:https://registry.npmjs.org/@types%2freact-dom cache-miss
57 http fetch GET 200 https://registry.npmjs.org/@types%2freact-dom 320ms (cache miss)
58 silly packumentCache full:https://registry.npmjs.org/@types%2freact-dom set size:undefined disposed:false
59 silly fetch manifest @typescript-eslint/eslint-plugin@^7.2.0
60 silly packumentCache full:https://registry.npmjs.org/@typescript-eslint%2feslint-plugin cache-miss
61 http fetch GET 200 https://registry.npmjs.org/@typescript-eslint%2feslint-plugin 1096ms (cache miss)
62 silly packumentCache full:https://registry.npmjs.org/@typescript-eslint%2feslint-plugin set size:undefined disposed:false
63 silly fetch manifest @typescript-eslint/parser@^7.2.0
64 silly packumentCache full:https://registry.npmjs.org/@typescript-eslint%2fparser cache-miss
65 http fetch GET 200 https://registry.npmjs.org/@typescript-eslint%2fparser 415ms (cache miss)
66 silly packumentCache full:https://registry.npmjs.org/@typescript-eslint%2fparser set size:undefined disposed:false
67 silly fetch manifest eslint@^8.57.0
68 silly packumentCache full:https://registry.npmjs.org/eslint cache-miss
69 http fetch GET 200 https://registry.npmjs.org/eslint 124ms (cache miss)
70 silly packumentCache full:https://registry.npmjs.org/eslint set size:undefined disposed:false
71 silly fetch manifest @vitejs/plugin-react@^4.2.1
72 silly packumentCache full:https://registry.npmjs.org/@vitejs%2fplugin-react cache-miss
73 http fetch GET 200 https://registry.npmjs.org/@vitejs%2fplugin-react 78ms (cache miss)
74 silly packumentCache full:https://registry.npmjs.org/@vitejs%2fplugin-react set size:undefined disposed:false
75 silly fetch manifest vite@^5.2.0
76 silly packumentCache full:https://registry.npmjs.org/vite cache-miss
77 http fetch GET 200 https://registry.npmjs.org/vite 1331ms (cache miss)
78 silly packumentCache full:https://registry.npmjs.org/vite set size:undefined disposed:false
79 silly fetch manifest @types/node@^18.0.0 || >=20.0.0
80 silly packumentCache full:https://registry.npmjs.org/@types%2fnode cache-miss
81 http fetch GET 200 https://registry.npmjs.org/@types%2fnode 249ms (cache miss)
82 silly packumentCache full:https://registry.npmjs.org/@types%2fnode set size:undefined disposed:false
83 silly fetch manifest less@*
84 silly packumentCache full:https://registry.npmjs.org/less cache-miss
85 http fetch GET 200 https://registry.npmjs.org/less 85ms (cache miss)
86 silly packumentCache full:https://registry.npmjs.org/less set size:undefined disposed:false
87 silly fetch manifest lightningcss@^1.21.0
88 silly packumentCache full:https://registry.npmjs.org/lightningcss cache-miss
89 http fetch GET 200 https://registry.npmjs.org/lightningcss 61ms (cache miss)
90 silly packumentCache full:https://registry.npmjs.org/lightningcss set size:undefined disposed:false
91 silly fetch manifest sass@*
92 silly packumentCache full:https://registry.npmjs.org/sass cache-miss
93 http fetch GET 200 https://registry.npmjs.org/sass 96ms (cache miss)
94 silly packumentCache full:https://registry.npmjs.org/sass set size:undefined disposed:false
95 silly fetch manifest sass-embedded@*
96 silly packumentCache full:https://registry.npmjs.org/sass-embedded cache-miss
97 http fetch GET 200 https://registry.npmjs.org/sass-embedded 70ms (cache miss)
98 silly packumentCache full:https://registry.npmjs.org/sass-embedded set size:undefined disposed:false
99 silly fetch manifest stylus@*
100 silly packumentCache full:https://registry.npmjs.org/stylus cache-miss
101 http fetch GET 200 https://registry.npmjs.org/stylus 84ms (cache miss)
102 silly packumentCache full:https://registry.npmjs.org/stylus set size:undefined disposed:false
103 silly fetch manifest sugarss@*
104 silly packumentCache full:https://registry.npmjs.org/sugarss cache-miss
105 http fetch GET 200 https://registry.npmjs.org/sugarss 59ms (cache miss)
106 silly packumentCache full:https://registry.npmjs.org/sugarss set size:undefined disposed:false
107 silly fetch manifest postcss@^8.4.38
108 silly packumentCache full:https://registry.npmjs.org/postcss cache-miss
109 http fetch GET 200 https://registry.npmjs.org/postcss 96ms (cache miss)
110 silly packumentCache full:https://registry.npmjs.org/postcss set size:undefined disposed:false
111 silly fetch manifest terser@^5.4.0
112 silly packumentCache full:https://registry.npmjs.org/terser cache-miss
113 http fetch GET 200 https://registry.npmjs.org/terser 108ms (cache miss)
114 silly packumentCache full:https://registry.npmjs.org/terser set size:undefined disposed:false
115 silly fetch manifest autoprefixer@^10.4.19
116 silly packumentCache full:https://registry.npmjs.org/autoprefixer cache-miss
117 http fetch GET 200 https://registry.npmjs.org/autoprefixer 715ms (cache miss)
118 silly packumentCache full:https://registry.npmjs.org/autoprefixer set size:undefined disposed:false
119 silly fetch manifest eslint-plugin-react-hooks@^4.6.0
120 silly packumentCache full:https://registry.npmjs.org/eslint-plugin-react-hooks cache-miss
121 http fetch GET 200 https://registry.npmjs.org/eslint-plugin-react-hooks 224ms (cache miss)
122 silly packumentCache full:https://registry.npmjs.org/eslint-plugin-react-hooks set size:undefined disposed:false
123 silly fetch manifest eslint-plugin-react-refresh@^0.4.6
124 silly packumentCache full:https://registry.npmjs.org/eslint-plugin-react-refresh cache-miss
125 http fetch GET 200 https://registry.npmjs.org/eslint-plugin-react-refresh 74ms (cache miss)
126 silly packumentCache full:https://registry.npmjs.org/eslint-plugin-react-refresh set size:undefined disposed:false
127 silly fetch manifest tailwindcss@^3.4.3
128 silly packumentCache full:https://registry.npmjs.org/tailwindcss cache-miss
129 http fetch GET 200 https://registry.npmjs.org/tailwindcss 221ms (cache miss)
130 silly packumentCache full:https://registry.npmjs.org/tailwindcss set size:undefined disposed:false
131 silly fetch manifest typescript@^5.2.2
132 silly packumentCache full:https://registry.npmjs.org/typescript cache-miss
133 http fetch GET 200 https://registry.npmjs.org/typescript 450ms (cache miss)
134 silly packumentCache full:https://registry.npmjs.org/typescript set size:undefined disposed:false
135 silly placeDep ROOT @monaco-editor/react@4.7.0 OK for: pasteflow-frontend@0.0.0 want: ^4.6.0
136 silly placeDep ROOT react@18.3.1 OK for: @monaco-editor/react@4.7.0 want: ^16.8.0 || ^17.0.0 || ^18.0.0 || ^19.0.0
137 silly placeDep ROOT react-dom@18.3.1 OK for: @monaco-editor/react@4.7.0 want: ^16.8.0 || ^17.0.0 || ^18.0.0 || ^19.0.0
138 silly placeDep ROOT monaco-editor@0.56.0 OK for: @monaco-editor/react@4.7.0 want: >= 0.25.0 < 1
139 silly placeDep ROOT @tanstack/react-query@5.101.4 OK for: pasteflow-frontend@0.0.0 want: ^5.28.9
140 silly placeDep ROOT @types/react@18.3.31 OK for: pasteflow-frontend@0.0.0 want: ^18.2.66
141 silly placeDep ROOT @types/react-dom@18.3.7 OK for: pasteflow-frontend@0.0.0 want: ^18.2.22
142 silly placeDep ROOT @typescript-eslint/eslint-plugin@7.18.0 OK for: pasteflow-frontend@0.0.0 want: ^7.2.0
143 silly placeDep ROOT eslint@8.57.1 OK for: @typescript-eslint/eslint-plugin@7.18.0 want: ^8.56.0
144 silly placeDep ROOT @typescript-eslint/parser@7.18.0 OK for: @typescript-eslint/eslint-plugin@7.18.0 want: ^7.0.0
145 silly placeDep ROOT @vitejs/plugin-react@4.7.0 OK for: pasteflow-frontend@0.0.0 want: ^4.2.1
146 silly placeDep ROOT vite@5.4.21 OK for: @vitejs/plugin-react@4.7.0 want: ^4.2.0 || ^5.0.0 || ^6.0.0 || ^7.0.0
147 silly placeDep ROOT autoprefixer@10.5.4 OK for: pasteflow-frontend@0.0.0 want: ^10.4.19
148 silly placeDep ROOT postcss@8.5.25 OK for: autoprefixer@10.5.4 want: ^8.1.0
149 silly placeDep ROOT axios@1.19.0 OK for: pasteflow-frontend@0.0.0 want: ^1.6.8
150 silly placeDep ROOT eslint-plugin-react-hooks@4.6.2 OK for: pasteflow-frontend@0.0.0 want: ^4.6.0
151 silly placeDep ROOT eslint-plugin-react-refresh@0.4.26 OK for: pasteflow-frontend@0.0.0 want: ^0.4.6
152 silly placeDep ROOT lucide-react@0.364.0 OK for: pasteflow-frontend@0.0.0 want: ^0.364.0
153 silly placeDep ROOT react-hook-form@7.83.0 OK for: pasteflow-frontend@0.0.0 want: ^7.51.2
154 silly placeDep ROOT react-router-dom@6.30.4 OK for: pasteflow-frontend@0.0.0 want: ^6.22.3
155 silly placeDep ROOT tailwindcss@3.4.19 OK for: pasteflow-frontend@0.0.0 want: ^3.4.3
156 silly placeDep ROOT typescript@5.9.3 OK for: pasteflow-frontend@0.0.0 want: ^5.2.2
157 silly fetch manifest @monaco-editor/loader@^1.5.0
158 silly packumentCache full:https://registry.npmjs.org/@monaco-editor%2floader cache-miss
159 silly fetch manifest marked@14.0.0
160 silly packumentCache full:https://registry.npmjs.org/marked cache-miss
161 silly fetch manifest dompurify@3.4.8
162 silly packumentCache full:https://registry.npmjs.org/dompurify cache-miss
163 silly fetch manifest scheduler@^0.23.2
164 silly packumentCache full:https://registry.npmjs.org/scheduler cache-miss
165 silly fetch manifest loose-envify@^1.1.0
166 silly packumentCache full:https://registry.npmjs.org/loose-envify cache-miss
167 silly fetch manifest loose-envify@^1.1.0
168 silly packumentCache full:https://registry.npmjs.org/loose-envify cache-miss
169 silly fetch manifest @tanstack/query-core@5.101.4
170 silly packumentCache full:https://registry.npmjs.org/@tanstack%2fquery-core cache-miss
171 silly fetch manifest csstype@^3.2.2
172 silly packumentCache full:https://registry.npmjs.org/csstype cache-miss
173 silly fetch manifest @types/prop-types@*
174 silly packumentCache full:https://registry.npmjs.org/@types%2fprop-types cache-miss
175 http fetch GET 200 https://registry.npmjs.org/loose-envify 225ms (cache miss)
176 silly packumentCache full:https://registry.npmjs.org/loose-envify set size:undefined disposed:false
177 silly fetch manifest ignore@^5.3.1
178 silly packumentCache full:https://registry.npmjs.org/ignore cache-miss
179 http fetch GET 200 https://registry.npmjs.org/loose-envify 251ms (cache miss)
180 silly packumentCache full:https://registry.npmjs.org/loose-envify set size:undefined disposed:false
181 silly fetch manifest graphemer@^1.4.0
182 silly packumentCache full:https://registry.npmjs.org/graphemer cache-miss
183 http fetch GET 200 https://registry.npmjs.org/csstype 277ms (cache miss)
184 silly packumentCache full:https://registry.npmjs.org/csstype set size:undefined disposed:false
185 silly fetch manifest ts-api-utils@^1.3.0
186 silly packumentCache full:https://registry.npmjs.org/ts-api-utils cache-miss
187 http fetch GET 200 https://registry.npmjs.org/dompurify 291ms (cache miss)
188 silly packumentCache full:https://registry.npmjs.org/dompurify set size:undefined disposed:false
189 silly fetch manifest natural-compare@^1.4.0
190 silly packumentCache full:https://registry.npmjs.org/natural-compare cache-miss
191 http fetch GET 200 https://registry.npmjs.org/ignore 81ms (cache miss)
192 silly packumentCache full:https://registry.npmjs.org/ignore set size:undefined disposed:false
193 silly fetch manifest @typescript-eslint/utils@7.18.0
194 silly packumentCache full:https://registry.npmjs.org/@typescript-eslint%2futils cache-miss
195 http fetch GET 200 https://registry.npmjs.org/@monaco-editor%2floader 345ms (cache miss)
196 silly packumentCache full:https://registry.npmjs.org/@monaco-editor%2floader set size:undefined disposed:false
197 silly fetch manifest @eslint-community/regexpp@^4.10.0
198 silly packumentCache full:https://registry.npmjs.org/@eslint-community%2fregexpp cache-miss
199 http fetch GET 200 https://registry.npmjs.org/ts-api-utils 89ms (cache miss)
200 silly packumentCache full:https://registry.npmjs.org/ts-api-utils set size:undefined disposed:false
201 silly fetch manifest @typescript-eslint/type-utils@7.18.0
202 silly packumentCache full:https://registry.npmjs.org/@typescript-eslint%2ftype-utils cache-miss
203 http fetch GET 200 https://registry.npmjs.org/natural-compare 79ms (cache miss)
204 silly packumentCache full:https://registry.npmjs.org/natural-compare set size:undefined disposed:false
205 silly fetch manifest @typescript-eslint/visitor-keys@7.18.0
206 silly packumentCache full:https://registry.npmjs.org/@typescript-eslint%2fvisitor-keys cache-miss
207 http fetch GET 200 https://registry.npmjs.org/marked 381ms (cache miss)
208 silly packumentCache full:https://registry.npmjs.org/marked set size:undefined disposed:false
209 silly fetch manifest @typescript-eslint/scope-manager@7.18.0
210 silly packumentCache full:https://registry.npmjs.org/@typescript-eslint%2fscope-manager cache-miss
211 http fetch GET 200 https://registry.npmjs.org/@eslint-community%2fregexpp 70ms (cache miss)
212 silly packumentCache full:https://registry.npmjs.org/@eslint-community%2fregexpp set size:undefined disposed:false
213 silly fetch manifest debug@^4.3.4
214 silly packumentCache full:https://registry.npmjs.org/debug cache-miss
215 http fetch GET 200 https://registry.npmjs.org/debug 71ms (cache miss)
216 silly packumentCache full:https://registry.npmjs.org/debug set size:undefined disposed:false
217 silly fetch manifest @typescript-eslint/types@7.18.0
218 silly packumentCache full:https://registry.npmjs.org/@typescript-eslint%2ftypes cache-miss
219 http fetch GET 200 https://registry.npmjs.org/scheduler 533ms (cache miss)
220 silly packumentCache full:https://registry.npmjs.org/scheduler set size:undefined disposed:false
221 silly fetch manifest @typescript-eslint/visitor-keys@7.18.0
222 silly packumentCache full:https://registry.npmjs.org/@typescript-eslint%2fvisitor-keys cache-miss
223 http fetch GET 200 https://registry.npmjs.org/graphemer 323ms (cache miss)
224 silly packumentCache full:https://registry.npmjs.org/graphemer set size:undefined disposed:false
225 silly fetch manifest @typescript-eslint/scope-manager@7.18.0
226 silly packumentCache full:https://registry.npmjs.org/@typescript-eslint%2fscope-manager cache-miss
227 http fetch GET 200 https://registry.npmjs.org/@tanstack%2fquery-core 659ms (cache miss)
228 silly packumentCache full:https://registry.npmjs.org/@tanstack%2fquery-core set size:undefined disposed:false
229 silly fetch manifest @typescript-eslint/typescript-estree@7.18.0
230 silly packumentCache full:https://registry.npmjs.org/@typescript-eslint%2ftypescript-estree cache-miss
231 http fetch GET 200 https://registry.npmjs.org/@types%2fprop-types 817ms (cache miss)
232 silly packumentCache full:https://registry.npmjs.org/@types%2fprop-types set size:undefined disposed:false
233 silly fetch manifest ajv@^6.12.4
234 silly packumentCache full:https://registry.npmjs.org/ajv cache-miss
235 http fetch GET 200 https://registry.npmjs.org/@typescript-eslint%2futils 1546ms (cache miss)
236 silly packumentCache full:https://registry.npmjs.org/@typescript-eslint%2futils set size:undefined disposed:false
237 silly fetch manifest levn@^0.4.1
238 silly packumentCache full:https://registry.npmjs.org/levn cache-miss
239 http fetch GET 200 https://registry.npmjs.org/levn 74ms (cache miss)
240 silly packumentCache full:https://registry.npmjs.org/levn set size:undefined disposed:false
241 silly fetch manifest chalk@^4.0.0
242 silly packumentCache full:https://registry.npmjs.org/chalk cache-miss
243 http fetch GET 200 https://registry.npmjs.org/@typescript-eslint%2ftypes 1506ms (cache miss)
244 silly packumentCache full:https://registry.npmjs.org/@typescript-eslint%2ftypes set size:undefined disposed:false
245 silly fetch manifest debug@^4.3.2
246 silly packumentCache full:https://registry.npmjs.org/debug cache-miss
247 http cache https://registry.npmjs.org/debug 5ms (cache hit)
248 silly packumentCache full:https://registry.npmjs.org/debug set size:195840 disposed:false
249 silly fetch manifest espree@^9.6.1
250 silly packumentCache full:https://registry.npmjs.org/espree cache-miss
251 http fetch GET 200 https://registry.npmjs.org/chalk 106ms (cache miss)
252 silly packumentCache full:https://registry.npmjs.org/chalk set size:undefined disposed:false
253 silly fetch manifest ignore@^5.2.0
254 silly packumentCache full:https://registry.npmjs.org/ignore cache-miss
255 http cache https://registry.npmjs.org/ignore 1ms (cache hit)
256 silly packumentCache full:https://registry.npmjs.org/ignore set size:240910 disposed:false
257 silly fetch manifest esquery@^1.4.2
258 silly packumentCache full:https://registry.npmjs.org/esquery cache-miss
259 http fetch GET 200 https://registry.npmjs.org/esquery 71ms (cache miss)
260 silly packumentCache full:https://registry.npmjs.org/esquery set size:undefined disposed:false
261 silly fetch manifest esutils@^2.0.2
262 silly packumentCache full:https://registry.npmjs.org/esutils cache-miss
263 http fetch GET 200 https://registry.npmjs.org/esutils 67ms (cache miss)
264 silly packumentCache full:https://registry.npmjs.org/esutils set size:undefined disposed:false
265 silly fetch manifest find-up@^5.0.0
266 silly packumentCache full:https://registry.npmjs.org/find-up cache-miss
267 http fetch GET 200 https://registry.npmjs.org/espree 207ms (cache miss)
268 silly packumentCache full:https://registry.npmjs.org/espree set size:undefined disposed:false
269 silly fetch manifest globals@^13.19.0
270 silly packumentCache full:https://registry.npmjs.org/globals cache-miss
271 http fetch GET 200 https://registry.npmjs.org/@typescript-eslint%2fvisitor-keys 1871ms (cache miss)
272 silly packumentCache full:https://registry.npmjs.org/@typescript-eslint%2fvisitor-keys set size:undefined disposed:false
273 silly fetch manifest is-glob@^4.0.0
274 silly packumentCache full:https://registry.npmjs.org/is-glob cache-miss
275 http fetch GET 200 https://registry.npmjs.org/find-up 72ms (cache miss)
276 silly packumentCache full:https://registry.npmjs.org/find-up set size:undefined disposed:false
277 silly fetch manifest js-yaml@^4.1.0
278 silly packumentCache full:https://registry.npmjs.org/js-yaml cache-miss
279 http fetch GET 200 https://registry.npmjs.org/globals 77ms (cache miss)
280 silly packumentCache full:https://registry.npmjs.org/globals set size:undefined disposed:false
281 silly fetch manifest doctrine@^3.0.0
282 silly packumentCache full:https://registry.npmjs.org/doctrine cache-miss
283 http fetch GET 200 https://registry.npmjs.org/doctrine 62ms (cache miss)
284 silly packumentCache full:https://registry.npmjs.org/doctrine set size:undefined disposed:false
285 silly fetch manifest minimatch@^3.1.2
286 silly packumentCache full:https://registry.npmjs.org/minimatch cache-miss
287 http fetch GET 200 https://registry.npmjs.org/is-glob 101ms (cache miss)
288 silly packumentCache full:https://registry.npmjs.org/is-glob set size:undefined disposed:false
289 silly fetch manifest @eslint/js@8.57.1
290 silly packumentCache full:https://registry.npmjs.org/@eslint%2fjs cache-miss
291 http fetch GET 200 https://registry.npmjs.org/js-yaml 106ms (cache miss)
292 silly packumentCache full:https://registry.npmjs.org/js-yaml set size:undefined disposed:false
293 silly fetch manifest optionator@^0.9.3
294 silly packumentCache full:https://registry.npmjs.org/optionator cache-miss
295 http fetch GET 200 https://registry.npmjs.org/minimatch 92ms (cache miss)
296 silly packumentCache full:https://registry.npmjs.org/minimatch set size:undefined disposed:false
297 silly fetch manifest strip-ansi@^6.0.1
298 silly packumentCache full:https://registry.npmjs.org/strip-ansi cache-miss
299 http fetch GET 200 https://registry.npmjs.org/ajv 1664ms (cache miss)
300 silly packumentCache full:https://registry.npmjs.org/ajv set size:undefined disposed:false
301 silly fetch manifest text-table@^0.2.0
302 silly packumentCache full:https://registry.npmjs.org/text-table cache-miss
303 http fetch GET 200 https://registry.npmjs.org/@eslint%2fjs 116ms (cache miss)
304 silly packumentCache full:https://registry.npmjs.org/@eslint%2fjs set size:undefined disposed:false
305 silly fetch manifest cross-spawn@^7.0.2
306 silly packumentCache full:https://registry.npmjs.org/cross-spawn cache-miss
307 http fetch GET 200 https://registry.npmjs.org/@typescript-eslint%2fvisitor-keys 1945ms (cache miss)
308 silly packumentCache full:https://registry.npmjs.org/@typescript-eslint%2fvisitor-keys set size:undefined disposed:false
309 silly fetch manifest glob-parent@^6.0.2
310 silly packumentCache full:https://registry.npmjs.org/glob-parent cache-miss
311 http fetch GET 200 https://registry.npmjs.org/strip-ansi 64ms (cache miss)
312 silly packumentCache full:https://registry.npmjs.org/strip-ansi set size:undefined disposed:false
313 silly fetch manifest imurmurhash@^0.1.4
314 silly packumentCache full:https://registry.npmjs.org/imurmurhash cache-miss
315 http fetch GET 200 https://registry.npmjs.org/cross-spawn 89ms (cache miss)
316 silly packumentCache full:https://registry.npmjs.org/cross-spawn set size:undefined disposed:false
317 silly fetch manifest eslint-scope@^7.2.2
318 silly packumentCache full:https://registry.npmjs.org/eslint-scope cache-miss
319 http fetch GET 200 https://registry.npmjs.org/imurmurhash 56ms (cache miss)
320 silly packumentCache full:https://registry.npmjs.org/imurmurhash set size:undefined disposed:false
321 silly fetch manifest lodash.merge@^4.6.2
322 silly packumentCache full:https://registry.npmjs.org/lodash.merge cache-miss
323 http fetch GET 200 https://registry.npmjs.org/glob-parent 81ms (cache miss)
324 silly packumentCache full:https://registry.npmjs.org/glob-parent set size:undefined disposed:false
325 silly fetch manifest is-path-inside@^3.0.3
326 silly packumentCache full:https://registry.npmjs.org/is-path-inside cache-miss
327 http fetch GET 200 https://registry.npmjs.org/lodash.merge 65ms (cache miss)
328 silly packumentCache full:https://registry.npmjs.org/lodash.merge set size:undefined disposed:false
329 silly fetch manifest fast-deep-equal@^3.1.3
330 silly packumentCache full:https://registry.npmjs.org/fast-deep-equal cache-miss
331 http fetch GET 200 https://registry.npmjs.org/is-path-inside 67ms (cache miss)
332 silly packumentCache full:https://registry.npmjs.org/is-path-inside set size:undefined disposed:false
333 silly fetch manifest @eslint/eslintrc@^2.1.4
334 silly packumentCache full:https://registry.npmjs.org/@eslint%2feslintrc cache-miss
335 http fetch GET 200 https://registry.npmjs.org/eslint-scope 107ms (cache miss)
336 silly packumentCache full:https://registry.npmjs.org/eslint-scope set size:undefined disposed:false
337 silly fetch manifest @nodelib/fs.walk@^1.2.8
338 silly packumentCache full:https://registry.npmjs.org/@nodelib%2ffs.walk cache-miss
339 http fetch GET 200 https://registry.npmjs.org/fast-deep-equal 56ms (cache miss)
340 silly packumentCache full:https://registry.npmjs.org/fast-deep-equal set size:undefined disposed:false
341 silly fetch manifest file-entry-cache@^6.0.1
342 silly packumentCache full:https://registry.npmjs.org/file-entry-cache cache-miss
343 http fetch GET 200 https://registry.npmjs.org/optionator 334ms (cache miss)
344 silly packumentCache full:https://registry.npmjs.org/optionator set size:undefined disposed:false
345 silly fetch manifest eslint-visitor-keys@^3.4.3
346 silly packumentCache full:https://registry.npmjs.org/eslint-visitor-keys cache-miss
347 http fetch GET 200 https://registry.npmjs.org/file-entry-cache 62ms (cache miss)
348 silly packumentCache full:https://registry.npmjs.org/file-entry-cache set size:undefined disposed:false
349 silly fetch manifest escape-string-regexp@^4.0.0
350 silly packumentCache full:https://registry.npmjs.org/escape-string-regexp cache-miss
351 http fetch GET 200 https://registry.npmjs.org/@eslint%2feslintrc 105ms (cache miss)
352 silly packumentCache full:https://registry.npmjs.org/@eslint%2feslintrc set size:undefined disposed:false
353 silly fetch manifest @ungap/structured-clone@^1.2.0
354 silly packumentCache full:https://registry.npmjs.org/@ungap%2fstructured-clone cache-miss
355 http fetch GET 200 https://registry.npmjs.org/@nodelib%2ffs.walk 102ms (cache miss)
356 silly packumentCache full:https://registry.npmjs.org/@nodelib%2ffs.walk set size:undefined disposed:false
357 silly fetch manifest @eslint-community/regexpp@^4.6.1
358 silly packumentCache full:https://registry.npmjs.org/@eslint-community%2fregexpp cache-miss
359 http fetch GET 200 https://registry.npmjs.org/eslint-visitor-keys 74ms (cache miss)
360 silly packumentCache full:https://registry.npmjs.org/eslint-visitor-keys set size:undefined disposed:false
361 silly fetch manifest @humanwhocodes/config-array@^0.13.0
362 silly packumentCache full:https://registry.npmjs.org/@humanwhocodes%2fconfig-array cache-miss
363 http cache https://registry.npmjs.org/@eslint-community%2fregexpp 3ms (cache hit)
364 silly packumentCache full:https://registry.npmjs.org/@eslint-community%2fregexpp set size:106609 disposed:false
365 silly fetch manifest @eslint-community/eslint-utils@^4.2.0
366 silly packumentCache full:https://registry.npmjs.org/@eslint-community%2feslint-utils cache-miss
367 http fetch GET 200 https://registry.npmjs.org/text-table 320ms (cache miss)
368 silly packumentCache full:https://registry.npmjs.org/text-table set size:undefined disposed:false
369 silly fetch manifest @humanwhocodes/module-importer@^1.0.1
370 silly packumentCache full:https://registry.npmjs.org/@humanwhocodes%2fmodule-importer cache-miss
371 http fetch GET 200 https://registry.npmjs.org/escape-string-regexp 66ms (cache miss)
372 silly packumentCache full:https://registry.npmjs.org/escape-string-regexp set size:undefined disposed:false
373 silly fetch manifest json-stable-stringify-without-jsonify@^1.0.1
374 silly packumentCache full:https://registry.npmjs.org/json-stable-stringify-without-jsonify cache-miss
375 http fetch GET 200 https://registry.npmjs.org/@ungap%2fstructured-clone 94ms (cache miss)
376 silly packumentCache full:https://registry.npmjs.org/@ungap%2fstructured-clone set size:undefined disposed:false
377 silly fetch manifest @babel/core@^7.28.0
378 silly packumentCache full:https://registry.npmjs.org/@babel%2fcore cache-miss
379 http fetch GET 200 https://registry.npmjs.org/@eslint-community%2feslint-utils 94ms (cache miss)
380 silly packumentCache full:https://registry.npmjs.org/@eslint-community%2feslint-utils set size:undefined disposed:false
381 silly fetch manifest react-refresh@^0.17.0
382 silly packumentCache full:https://registry.npmjs.org/react-refresh cache-miss
383 http fetch GET 200 https://registry.npmjs.org/json-stable-stringify-without-jsonify 54ms (cache miss)
384 silly packumentCache full:https://registry.npmjs.org/json-stable-stringify-without-jsonify set size:undefined disposed:false
385 silly fetch manifest @types/babel__core@^7.20.5
386 silly packumentCache full:https://registry.npmjs.org/@types%2fbabel__core cache-miss
387 http fetch GET 200 https://registry.npmjs.org/@types%2fbabel__core 72ms (cache miss)
388 silly packumentCache full:https://registry.npmjs.org/@types%2fbabel__core set size:undefined disposed:false
389 silly fetch manifest @rolldown/pluginutils@1.0.0-beta.27
390 silly packumentCache full:https://registry.npmjs.org/@rolldown%2fpluginutils cache-miss
391 http fetch GET 200 https://registry.npmjs.org/@rolldown%2fpluginutils 79ms (cache miss)
392 silly packumentCache full:https://registry.npmjs.org/@rolldown%2fpluginutils set size:undefined disposed:false
393 silly fetch manifest @babel/plugin-transform-react-jsx-self@^7.27.1
394 silly packumentCache full:https://registry.npmjs.org/@babel%2fplugin-transform-react-jsx-self cache-miss
395 http fetch GET 200 https://registry.npmjs.org/@babel%2fcore 240ms (cache miss)
396 silly packumentCache full:https://registry.npmjs.org/@babel%2fcore set size:undefined disposed:false
397 silly fetch manifest @babel/plugin-transform-react-jsx-source@^7.27.1
398 silly packumentCache full:https://registry.npmjs.org/@babel%2fplugin-transform-react-jsx-source cache-miss
399 http fetch GET 200 https://registry.npmjs.org/@babel%2fplugin-transform-react-jsx-self 84ms (cache miss)
400 silly packumentCache full:https://registry.npmjs.org/@babel%2fplugin-transform-react-jsx-self set size:undefined disposed:false
401 silly fetch manifest rollup@^4.20.0
402 silly packumentCache full:https://registry.npmjs.org/rollup cache-miss
403 http fetch GET 200 https://registry.npmjs.org/@humanwhocodes%2fmodule-importer 336ms (cache miss)
404 silly packumentCache full:https://registry.npmjs.org/@humanwhocodes%2fmodule-importer set size:undefined disposed:false
405 silly fetch manifest esbuild@^0.21.3
406 silly packumentCache full:https://registry.npmjs.org/esbuild cache-miss
407 http fetch GET 200 https://registry.npmjs.org/@babel%2fplugin-transform-react-jsx-source 117ms (cache miss)
408 silly packumentCache full:https://registry.npmjs.org/@babel%2fplugin-transform-react-jsx-source set size:undefined disposed:false
409 silly fetch manifest postcss@^8.4.43
410 silly packumentCache full:https://registry.npmjs.org/postcss cache-miss
411 http cache https://registry.npmjs.org/postcss 9ms (cache hit)
412 silly packumentCache full:https://registry.npmjs.org/postcss set size:756623 disposed:false
413 silly fetch manifest fsevents@~2.3.3
414 silly packumentCache full:https://registry.npmjs.org/fsevents cache-miss
415 http fetch GET 200 https://registry.npmjs.org/fsevents 118ms (cache miss)
416 silly packumentCache full:https://registry.npmjs.org/fsevents set size:undefined disposed:false
417 silly fetch manifest picocolors@^1.1.1
418 silly packumentCache full:https://registry.npmjs.org/picocolors cache-miss
419 http fetch GET 200 https://registry.npmjs.org/@humanwhocodes%2fconfig-array 651ms (cache miss)
420 silly packumentCache full:https://registry.npmjs.org/@humanwhocodes%2fconfig-array set size:undefined disposed:false
421 silly fetch manifest fraction.js@^5.3.4
422 silly packumentCache full:https://registry.npmjs.org/fraction.js cache-miss
423 http fetch GET 200 https://registry.npmjs.org/rollup 320ms (cache miss)
424 silly packumentCache full:https://registry.npmjs.org/rollup set size:undefined disposed:false
425 silly fetch manifest browserslist@^4.28.6
426 silly packumentCache full:https://registry.npmjs.org/browserslist cache-miss
427 http fetch GET 200 https://registry.npmjs.org/picocolors 107ms (cache miss)
428 silly packumentCache full:https://registry.npmjs.org/picocolors set size:undefined disposed:false
429 silly fetch manifest caniuse-lite@^1.0.30001806
430 silly packumentCache full:https://registry.npmjs.org/caniuse-lite cache-miss
431 http fetch GET 200 https://registry.npmjs.org/fraction.js 133ms (cache miss)
432 silly packumentCache full:https://registry.npmjs.org/fraction.js set size:undefined disposed:false
433 silly fetch manifest postcss-value-parser@^4.2.0
434 silly packumentCache full:https://registry.npmjs.org/postcss-value-parser cache-miss
435 http fetch GET 200 https://registry.npmjs.org/browserslist 506ms (cache miss)
436 silly packumentCache full:https://registry.npmjs.org/browserslist set size:undefined disposed:false
437 silly fetch manifest nanoid@^3.3.16
438 silly packumentCache full:https://registry.npmjs.org/nanoid cache-miss
439 http fetch GET 200 https://registry.npmjs.org/postcss-value-parser 532ms (cache miss)
440 silly packumentCache full:https://registry.npmjs.org/postcss-value-parser set size:undefined disposed:false
441 silly fetch manifest source-map-js@^1.2.1
442 silly packumentCache full:https://registry.npmjs.org/source-map-js cache-miss
443 http fetch GET 200 https://registry.npmjs.org/source-map-js 67ms (cache miss)
444 silly packumentCache full:https://registry.npmjs.org/source-map-js set size:undefined disposed:false
445 silly fetch manifest form-data@^4.0.6
446 silly packumentCache full:https://registry.npmjs.org/form-data cache-miss
447 http fetch GET 200 https://registry.npmjs.org/nanoid 219ms (cache miss)
448 silly packumentCache full:https://registry.npmjs.org/nanoid set size:undefined disposed:false
449 silly fetch manifest proxy-from-env@^2.1.0
450 silly packumentCache full:https://registry.npmjs.org/proxy-from-env cache-miss
451 http fetch GET 200 https://registry.npmjs.org/form-data 66ms (cache miss)
452 silly packumentCache full:https://registry.npmjs.org/form-data set size:undefined disposed:false
453 silly fetch manifest follow-redirects@^1.16.0
454 silly packumentCache full:https://registry.npmjs.org/follow-redirects cache-miss
455 http fetch GET 200 https://registry.npmjs.org/proxy-from-env 73ms (cache miss)
456 silly packumentCache full:https://registry.npmjs.org/proxy-from-env set size:undefined disposed:false
457 silly fetch manifest https-proxy-agent@^5.0.1
458 silly packumentCache full:https://registry.npmjs.org/https-proxy-agent cache-miss
459 http fetch GET 200 https://registry.npmjs.org/follow-redirects 74ms (cache miss)
460 silly packumentCache full:https://registry.npmjs.org/follow-redirects set size:undefined disposed:false
461 silly fetch manifest react-router@6.30.4
462 silly packumentCache full:https://registry.npmjs.org/react-router cache-miss
463 http fetch GET 200 https://registry.npmjs.org/caniuse-lite 841ms (cache miss)
464 silly packumentCache full:https://registry.npmjs.org/caniuse-lite set size:undefined disposed:false
465 silly fetch manifest @remix-run/router@1.23.3
466 silly packumentCache full:https://registry.npmjs.org/@remix-run%2frouter cache-miss
467 http fetch GET 200 https://registry.npmjs.org/@typescript-eslint%2fscope-manager 3966ms (cache miss)
468 silly packumentCache full:https://registry.npmjs.org/@typescript-eslint%2fscope-manager set size:undefined disposed:false
469 silly fetch manifest arg@^5.0.2
470 silly packumentCache full:https://registry.npmjs.org/arg cache-miss
471 http fetch GET 200 https://registry.npmjs.org/@typescript-eslint%2ftype-utils 4020ms (cache miss)
472 silly packumentCache full:https://registry.npmjs.org/@typescript-eslint%2ftype-utils set size:undefined disposed:false
473 silly fetch manifest dlv@^1.1.3
474 silly packumentCache full:https://registry.npmjs.org/dlv cache-miss
475 http fetch GET 200 https://registry.npmjs.org/react-refresh 1519ms (cache miss)
476 silly packumentCache full:https://registry.npmjs.org/react-refresh set size:undefined disposed:false
477 silly fetch manifest jiti@^1.21.7
478 silly packumentCache full:https://registry.npmjs.org/jiti cache-miss
479 http fetch GET 200 https://registry.npmjs.org/https-proxy-agent 140ms (cache miss)
480 silly packumentCache full:https://registry.npmjs.org/https-proxy-agent set size:undefined disposed:false
481 silly fetch manifest is-glob@^4.0.3
482 silly packumentCache full:https://registry.npmjs.org/is-glob cache-miss
483 http cache https://registry.npmjs.org/is-glob 1ms (cache hit)
484 silly packumentCache full:https://registry.npmjs.org/is-glob set size:40530 disposed:false
485 silly fetch manifest resolve@^1.22.8
486 silly packumentCache full:https://registry.npmjs.org/resolve cache-miss
487 http fetch GET 200 https://registry.npmjs.org/arg 89ms (cache miss)
488 silly packumentCache full:https://registry.npmjs.org/arg set size:undefined disposed:false
489 silly fetch manifest sucrase@^3.35.0
490 silly packumentCache full:https://registry.npmjs.org/sucrase cache-miss
491 http fetch GET 200 https://registry.npmjs.org/dlv 115ms (cache miss)
492 silly packumentCache full:https://registry.npmjs.org/dlv set size:undefined disposed:false
493 silly fetch manifest chokidar@^3.6.0
494 silly packumentCache full:https://registry.npmjs.org/chokidar cache-miss
495 http fetch GET 200 https://registry.npmjs.org/resolve 125ms (cache miss)
496 silly packumentCache full:https://registry.npmjs.org/resolve set size:undefined disposed:false
497 silly fetch manifest fast-glob@^3.3.2
498 silly packumentCache full:https://registry.npmjs.org/fast-glob cache-miss
499 http fetch GET 200 https://registry.npmjs.org/esbuild 1438ms (cache miss)
500 silly packumentCache full:https://registry.npmjs.org/esbuild set size:undefined disposed:false
501 silly fetch manifest lilconfig@^3.1.3
502 silly packumentCache full:https://registry.npmjs.org/lilconfig cache-miss
503 http fetch GET 200 https://registry.npmjs.org/sucrase 130ms (cache miss)
504 silly packumentCache full:https://registry.npmjs.org/sucrase set size:undefined disposed:false
505 silly fetch manifest didyoumean@^1.2.2
506 silly packumentCache full:https://registry.npmjs.org/didyoumean cache-miss
507 http fetch GET 200 https://registry.npmjs.org/react-router 292ms (cache miss)
508 silly packumentCache full:https://registry.npmjs.org/react-router set size:undefined disposed:false
509 silly fetch manifest micromatch@^4.0.8
510 silly packumentCache full:https://registry.npmjs.org/micromatch cache-miss
511 http fetch GET 200 https://registry.npmjs.org/lilconfig 69ms (cache miss)
512 silly packumentCache full:https://registry.npmjs.org/lilconfig set size:undefined disposed:false
513 silly fetch manifest postcss-js@^4.0.1
514 silly packumentCache full:https://registry.npmjs.org/postcss-js cache-miss
515 http fetch GET 200 https://registry.npmjs.org/didyoumean 64ms (cache miss)
516 silly packumentCache full:https://registry.npmjs.org/didyoumean set size:undefined disposed:false
517 silly fetch manifest object-hash@^3.0.0
518 silly packumentCache full:https://registry.npmjs.org/object-hash cache-miss
519 http fetch GET 200 https://registry.npmjs.org/fast-glob 116ms (cache miss)
520 silly packumentCache full:https://registry.npmjs.org/fast-glob set size:undefined disposed:false
521 silly fetch manifest normalize-path@^3.0.0
522 silly packumentCache full:https://registry.npmjs.org/normalize-path cache-miss
523 http fetch GET 200 https://registry.npmjs.org/chokidar 159ms (cache miss)
524 silly packumentCache full:https://registry.npmjs.org/chokidar set size:undefined disposed:false
525 silly fetch manifest postcss-import@^15.1.0
526 silly packumentCache full:https://registry.npmjs.org/postcss-import cache-miss
527 http fetch GET 200 https://registry.npmjs.org/micromatch 73ms (cache miss)
528 silly packumentCache full:https://registry.npmjs.org/micromatch set size:undefined disposed:false
529 silly fetch manifest postcss-nested@^6.2.0
530 silly packumentCache full:https://registry.npmjs.org/postcss-nested cache-miss
531 http fetch GET 200 https://registry.npmjs.org/postcss-js 81ms (cache miss)
532 silly packumentCache full:https://registry.npmjs.org/postcss-js set size:undefined disposed:false
533 silly fetch manifest @alloc/quick-lru@^5.2.0
534 silly packumentCache full:https://registry.npmjs.org/@alloc%2fquick-lru cache-miss
535 http fetch GET 200 https://registry.npmjs.org/normalize-path 86ms (cache miss)
536 silly packumentCache full:https://registry.npmjs.org/normalize-path set size:undefined disposed:false
537 silly fetch manifest postcss-load-config@^4.0.2 || ^5.0 || ^6.0
538 silly packumentCache full:https://registry.npmjs.org/postcss-load-config cache-miss
539 http fetch GET 200 https://registry.npmjs.org/object-hash 106ms (cache miss)
540 silly packumentCache full:https://registry.npmjs.org/object-hash set size:undefined disposed:false
541 silly fetch manifest postcss-selector-parser@^6.1.2
542 silly packumentCache full:https://registry.npmjs.org/postcss-selector-parser cache-miss
543 http fetch GET 200 https://registry.npmjs.org/postcss-nested 68ms (cache miss)
544 silly packumentCache full:https://registry.npmjs.org/postcss-nested set size:undefined disposed:false
545 http fetch GET 200 https://registry.npmjs.org/jiti 385ms (cache miss)
546 silly packumentCache full:https://registry.npmjs.org/jiti set size:undefined disposed:false
547 http fetch GET 200 https://registry.npmjs.org/postcss-import 155ms (cache miss)
548 silly packumentCache full:https://registry.npmjs.org/postcss-import set size:undefined disposed:false
549 http fetch GET 200 https://registry.npmjs.org/postcss-load-config 93ms (cache miss)
550 silly packumentCache full:https://registry.npmjs.org/postcss-load-config set size:undefined disposed:false
551 http fetch GET 200 https://registry.npmjs.org/postcss-selector-parser 95ms (cache miss)
552 silly packumentCache full:https://registry.npmjs.org/postcss-selector-parser set size:undefined disposed:false
553 http fetch GET 200 https://registry.npmjs.org/@remix-run%2frouter 646ms (cache miss)
554 silly packumentCache full:https://registry.npmjs.org/@remix-run%2frouter set size:undefined disposed:false
555 http fetch GET 200 https://registry.npmjs.org/@alloc%2fquick-lru 577ms (cache miss)
556 silly packumentCache full:https://registry.npmjs.org/@alloc%2fquick-lru set size:undefined disposed:false
557 http fetch GET 200 https://registry.npmjs.org/@typescript-eslint%2ftypescript-estree 5715ms (cache miss)
558 silly packumentCache full:https://registry.npmjs.org/@typescript-eslint%2ftypescript-estree set size:undefined disposed:false
559 http fetch GET 200 https://registry.npmjs.org/@typescript-eslint%2fscope-manager 7154ms (cache miss)
560 silly packumentCache full:https://registry.npmjs.org/@typescript-eslint%2fscope-manager set size:undefined disposed:false
561 silly placeDep ROOT @monaco-editor/loader@1.7.0 OK for: @monaco-editor/react@4.7.0 want: ^1.5.0
562 silly fetch manifest state-local@^1.0.6
563 silly packumentCache full:https://registry.npmjs.org/state-local cache-miss
564 http fetch GET 200 https://registry.npmjs.org/state-local 66ms (cache miss)
565 silly packumentCache full:https://registry.npmjs.org/state-local set size:undefined disposed:false
566 silly placeDep ROOT state-local@1.0.7 OK for: @monaco-editor/loader@1.7.0 want: ^1.0.6
567 silly placeDep ROOT @tanstack/query-core@5.101.4 OK for: @tanstack/react-query@5.101.4 want: 5.101.4
568 silly placeDep ROOT @types/prop-types@15.7.15 OK for: @types/react@18.3.31 want: *
569 silly placeDep ROOT csstype@3.2.3 OK for: @types/react@18.3.31 want: ^3.2.2
570 silly fetch manifest typescript@>=4.2.0
571 silly packumentCache full:https://registry.npmjs.org/typescript cache-miss
572 http cache https://registry.npmjs.org/typescript 17ms (cache hit)
573 silly packumentCache full:https://registry.npmjs.org/typescript set size:15493019 disposed:false
574 silly fetch manifest eslint@^8.56.0
575 silly packumentCache full:https://registry.npmjs.org/eslint cache-miss
576 http cache https://registry.npmjs.org/eslint 6ms (cache hit)
577 silly packumentCache full:https://registry.npmjs.org/eslint set size:2040662 disposed:false
578 silly placeDep ROOT @eslint-community/regexpp@4.12.2 OK for: @typescript-eslint/eslint-plugin@7.18.0 want: ^4.10.0
579 silly placeDep ROOT @typescript-eslint/scope-manager@7.18.0 OK for: @typescript-eslint/eslint-plugin@7.18.0 want: 7.18.0
580 silly placeDep ROOT @typescript-eslint/type-utils@7.18.0 OK for: @typescript-eslint/eslint-plugin@7.18.0 want: 7.18.0
581 silly placeDep ROOT @typescript-eslint/utils@7.18.0 OK for: @typescript-eslint/eslint-plugin@7.18.0 want: 7.18.0
582 silly placeDep ROOT @typescript-eslint/visitor-keys@7.18.0 OK for: @typescript-eslint/eslint-plugin@7.18.0 want: 7.18.0
583 silly placeDep ROOT graphemer@1.4.0 OK for: @typescript-eslint/eslint-plugin@7.18.0 want: ^1.4.0
584 silly placeDep ROOT ignore@5.3.2 OK for: @typescript-eslint/eslint-plugin@7.18.0 want: ^5.3.1
585 silly placeDep ROOT natural-compare@1.4.0 OK for: @typescript-eslint/eslint-plugin@7.18.0 want: ^1.4.0
586 silly placeDep ROOT ts-api-utils@1.4.3 OK for: @typescript-eslint/eslint-plugin@7.18.0 want: ^1.3.0
587 silly fetch manifest @eslint-community/eslint-utils@^4.4.0
588 silly packumentCache full:https://registry.npmjs.org/@eslint-community%2feslint-utils cache-miss
589 http cache https://registry.npmjs.org/@eslint-community%2feslint-utils 1ms (cache hit)
590 silly packumentCache full:https://registry.npmjs.org/@eslint-community%2feslint-utils set size:108339 disposed:false
591 silly placeDep ROOT @typescript-eslint/types@7.18.0 OK for: @typescript-eslint/parser@7.18.0 want: 7.18.0
592 silly placeDep ROOT @typescript-eslint/typescript-estree@7.18.0 OK for: @typescript-eslint/parser@7.18.0 want: 7.18.0
593 silly placeDep ROOT debug@4.4.3 OK for: @typescript-eslint/parser@7.18.0 want: ^4.3.4
594 silly fetch manifest globby@^11.1.0
595 silly packumentCache full:https://registry.npmjs.org/globby cache-miss
596 silly fetch manifest semver@^7.6.0
597 silly packumentCache full:https://registry.npmjs.org/semver cache-miss
598 silly fetch manifest minimatch@^9.0.4
599 silly packumentCache full:https://registry.npmjs.org/minimatch cache-miss
600 silly fetch manifest ms@^2.1.3
601 silly packumentCache full:https://registry.npmjs.org/ms cache-miss
602 http cache https://registry.npmjs.org/minimatch 2ms (cache hit)
603 silly packumentCache full:https://registry.npmjs.org/minimatch set size:377924 disposed:false
604 http fetch GET 200 https://registry.npmjs.org/ms 91ms (cache miss)
605 silly packumentCache full:https://registry.npmjs.org/ms set size:undefined disposed:false
606 http fetch GET 200 https://registry.npmjs.org/globby 92ms (cache miss)
607 silly packumentCache full:https://registry.npmjs.org/globby set size:undefined disposed:false
608 http fetch GET 200 https://registry.npmjs.org/semver 174ms (cache miss)
609 silly packumentCache full:https://registry.npmjs.org/semver set size:undefined disposed:false
610 silly placeDep ROOT globby@11.1.0 OK for: @typescript-eslint/typescript-estree@7.18.0 want: ^11.1.0
611 silly placeDep ROOT is-glob@4.0.3 OK for: @typescript-eslint/typescript-estree@7.18.0 want: ^4.0.3
612 silly placeDep ROOT minimatch@9.0.9 OK for: @typescript-eslint/typescript-estree@7.18.0 want: ^9.0.4
613 silly placeDep ROOT semver@7.8.5 OK for: @typescript-eslint/typescript-estree@7.18.0 want: ^7.6.0
614 silly fetch manifest slash@^3.0.0
615 silly packumentCache full:https://registry.npmjs.org/slash cache-miss
616 silly fetch manifest merge2@^1.4.1
617 silly packumentCache full:https://registry.npmjs.org/merge2 cache-miss
618 silly fetch manifest dir-glob@^3.0.1
619 silly packumentCache full:https://registry.npmjs.org/dir-glob cache-miss
620 silly fetch manifest fast-glob@^3.2.9
621 silly packumentCache full:https://registry.npmjs.org/fast-glob cache-miss
622 silly fetch manifest array-union@^2.1.0
623 silly packumentCache full:https://registry.npmjs.org/array-union cache-miss
624 silly fetch manifest is-extglob@^2.1.1
625 silly packumentCache full:https://registry.npmjs.org/is-extglob cache-miss
626 silly fetch manifest brace-expansion@^2.0.2
627 silly packumentCache full:https://registry.npmjs.org/brace-expansion cache-miss
628 http cache https://registry.npmjs.org/fast-glob 5ms (cache hit)
629 silly packumentCache full:https://registry.npmjs.org/fast-glob set size:220556 disposed:false
630 http fetch GET 200 https://registry.npmjs.org/brace-expansion 64ms (cache miss)
631 silly packumentCache full:https://registry.npmjs.org/brace-expansion set size:undefined disposed:false
632 http fetch GET 200 https://registry.npmjs.org/is-extglob 69ms (cache miss)
633 silly packumentCache full:https://registry.npmjs.org/is-extglob set size:undefined disposed:false
634 http fetch GET 200 https://registry.npmjs.org/slash 418ms (cache miss)
635 silly packumentCache full:https://registry.npmjs.org/slash set size:undefined disposed:false
636 http fetch GET 200 https://registry.npmjs.org/dir-glob 419ms (cache miss)
637 silly packumentCache full:https://registry.npmjs.org/dir-glob set size:undefined disposed:false
638 http fetch GET 200 https://registry.npmjs.org/array-union 420ms (cache miss)
639 silly packumentCache full:https://registry.npmjs.org/array-union set size:undefined disposed:false
640 http fetch GET 200 https://registry.npmjs.org/merge2 421ms (cache miss)
641 silly packumentCache full:https://registry.npmjs.org/merge2 set size:undefined disposed:false
642 silly placeDep ROOT @eslint-community/eslint-utils@4.10.1 OK for: @typescript-eslint/utils@7.18.0 want: ^4.4.0
643 silly placeDep ROOT eslint-visitor-keys@3.4.3 OK for: @eslint-community/eslint-utils@4.10.1 want: ^3.4.3
644 silly placeDep ROOT @babel/core@7.29.7 OK for: @vitejs/plugin-react@4.7.0 want: ^7.28.0
645 silly placeDep ROOT @babel/plugin-transform-react-jsx-self@7.29.7 OK for: @vitejs/plugin-react@4.7.0 want: ^7.27.1
646 silly placeDep ROOT @babel/plugin-transform-react-jsx-source@7.29.7 OK for: @vitejs/plugin-react@4.7.0 want: ^7.27.1
647 silly placeDep ROOT @rolldown/pluginutils@1.0.0-beta.27 OK for: @vitejs/plugin-react@4.7.0 want: 1.0.0-beta.27
648 silly placeDep ROOT @types/babel__core@7.20.5 OK for: @vitejs/plugin-react@4.7.0 want: ^7.20.5
649 silly placeDep ROOT react-refresh@0.17.0 OK for: @vitejs/plugin-react@4.7.0 want: ^0.17.0
650 silly fetch manifest json5@^2.2.3
651 silly packumentCache full:https://registry.npmjs.org/json5 cache-miss
652 silly fetch manifest semver@^6.3.1
653 silly packumentCache full:https://registry.npmjs.org/semver cache-miss
654 silly fetch manifest gensync@^1.0.0-beta.2
655 silly packumentCache full:https://registry.npmjs.org/gensync cache-miss
656 silly fetch manifest @babel/types@^7.29.7
657 silly packumentCache full:https://registry.npmjs.org/@babel%2ftypes cache-miss
658 silly fetch manifest @babel/parser@^7.29.7
659 silly packumentCache full:https://registry.npmjs.org/@babel%2fparser cache-miss
660 silly fetch manifest @babel/helpers@^7.29.7
661 silly packumentCache full:https://registry.npmjs.org/@babel%2fhelpers cache-miss
662 silly fetch manifest @babel/template@^7.29.7
663 silly packumentCache full:https://registry.npmjs.org/@babel%2ftemplate cache-miss
664 silly fetch manifest @babel/traverse@^7.29.7
665 silly packumentCache full:https://registry.npmjs.org/@babel%2ftraverse cache-miss
666 silly fetch manifest @babel/generator@^7.29.7
667 silly packumentCache full:https://registry.npmjs.org/@babel%2fgenerator cache-miss
668 http cache https://registry.npmjs.org/semver 6ms (cache hit)
669 silly packumentCache full:https://registry.npmjs.org/semver set size:246069 disposed:false
670 silly fetch manifest @babel/code-frame@^7.29.7
671 silly packumentCache full:https://registry.npmjs.org/@babel%2fcode-frame cache-miss
672 http fetch GET 200 https://registry.npmjs.org/gensync 103ms (cache miss)
673 silly packumentCache full:https://registry.npmjs.org/gensync set size:undefined disposed:false
674 silly fetch manifest convert-source-map@^2.0.0
675 silly packumentCache full:https://registry.npmjs.org/convert-source-map cache-miss
676 http fetch GET 200 https://registry.npmjs.org/json5 119ms (cache miss)
677 silly packumentCache full:https://registry.npmjs.org/json5 set size:undefined disposed:false
678 silly fetch manifest @jridgewell/remapping@^2.3.5
679 silly packumentCache full:https://registry.npmjs.org/@jridgewell%2fremapping cache-miss
680 http fetch GET 200 https://registry.npmjs.org/@babel%2fparser 143ms (cache miss)
681 silly packumentCache full:https://registry.npmjs.org/@babel%2fparser set size:undefined disposed:false
682 silly fetch manifest @babel/helper-module-transforms@^7.29.7
683 silly packumentCache full:https://registry.npmjs.org/@babel%2fhelper-module-transforms cache-miss
684 http fetch GET 200 https://registry.npmjs.org/@babel%2ftemplate 167ms (cache miss)
685 silly packumentCache full:https://registry.npmjs.org/@babel%2ftemplate set size:undefined disposed:false
686 silly fetch manifest @babel/helper-compilation-targets@^7.29.7
687 silly packumentCache full:https://registry.npmjs.org/@babel%2fhelper-compilation-targets cache-miss
688 http fetch GET 200 https://registry.npmjs.org/@babel%2fcode-frame 163ms (cache miss)
689 silly packumentCache full:https://registry.npmjs.org/@babel%2fcode-frame set size:undefined disposed:false
690 silly fetch manifest @babel/helper-plugin-utils@^7.29.7
691 silly packumentCache full:https://registry.npmjs.org/@babel%2fhelper-plugin-utils cache-miss
692 http fetch GET 200 https://registry.npmjs.org/@babel%2fhelpers 186ms (cache miss)
693 silly packumentCache full:https://registry.npmjs.org/@babel%2fhelpers set size:undefined disposed:false
694 silly fetch manifest @babel/helper-plugin-utils@^7.29.7
695 silly packumentCache full:https://registry.npmjs.org/@babel%2fhelper-plugin-utils cache-miss
696 http fetch GET 200 https://registry.npmjs.org/@babel%2ftraverse 192ms (cache miss)
697 silly packumentCache full:https://registry.npmjs.org/@babel%2ftraverse set size:undefined disposed:false
698 silly fetch manifest @babel/types@^7.20.7
699 silly packumentCache full:https://registry.npmjs.org/@babel%2ftypes cache-miss
700 http fetch GET 200 https://registry.npmjs.org/convert-source-map 92ms (cache miss)
701 silly packumentCache full:https://registry.npmjs.org/convert-source-map set size:undefined disposed:false
702 silly fetch manifest @babel/parser@^7.20.7
703 silly packumentCache full:https://registry.npmjs.org/@babel%2fparser cache-miss
704 http fetch GET 200 https://registry.npmjs.org/@jridgewell%2fremapping 77ms (cache miss)
705 silly packumentCache full:https://registry.npmjs.org/@jridgewell%2fremapping set size:undefined disposed:false
706 silly fetch manifest @types/babel__template@*
707 silly packumentCache full:https://registry.npmjs.org/@types%2fbabel__template cache-miss
708 http cache https://registry.npmjs.org/@babel%2fparser 2ms (cache hit)
709 silly packumentCache full:https://registry.npmjs.org/@babel%2fparser set size:735431 disposed:false
710 silly fetch manifest @types/babel__traverse@*
711 silly packumentCache full:https://registry.npmjs.org/@types%2fbabel__traverse cache-miss
712 http fetch GET 200 https://registry.npmjs.org/@babel%2fgenerator 232ms (cache miss)
713 silly packumentCache full:https://registry.npmjs.org/@babel%2fgenerator set size:undefined disposed:false
714 silly fetch manifest @types/babel__generator@*
715 silly packumentCache full:https://registry.npmjs.org/@types%2fbabel__generator cache-miss
716 http fetch GET 200 https://registry.npmjs.org/@babel%2fhelper-module-transforms 90ms (cache miss)
717 silly packumentCache full:https://registry.npmjs.org/@babel%2fhelper-module-transforms set size:undefined disposed:false
718 http fetch GET 200 https://registry.npmjs.org/@types%2fbabel__template 73ms (cache miss)
719 silly packumentCache full:https://registry.npmjs.org/@types%2fbabel__template set size:undefined disposed:false
720 http fetch GET 200 https://registry.npmjs.org/@babel%2fhelper-compilation-targets 119ms (cache miss)
721 silly packumentCache full:https://registry.npmjs.org/@babel%2fhelper-compilation-targets set size:undefined disposed:false
722 http fetch GET 200 https://registry.npmjs.org/@types%2fbabel__traverse 93ms (cache miss)
723 silly packumentCache full:https://registry.npmjs.org/@types%2fbabel__traverse set size:undefined disposed:false
724 http fetch GET 200 https://registry.npmjs.org/@babel%2fhelper-plugin-utils 108ms (cache miss)
725 silly packumentCache full:https://registry.npmjs.org/@babel%2fhelper-plugin-utils set size:undefined disposed:false
726 http fetch GET 200 https://registry.npmjs.org/@babel%2ftypes 298ms (cache miss)
727 silly packumentCache full:https://registry.npmjs.org/@babel%2ftypes set size:undefined disposed:false
728 http fetch GET 200 https://registry.npmjs.org/@babel%2fhelper-plugin-utils 128ms (cache miss)
729 silly packumentCache full:https://registry.npmjs.org/@babel%2fhelper-plugin-utils set size:undefined disposed:false
730 http fetch GET 200 https://registry.npmjs.org/@babel%2ftypes 221ms (cache miss)
731 silly packumentCache full:https://registry.npmjs.org/@babel%2ftypes set size:undefined disposed:false
732 http fetch GET 200 https://registry.npmjs.org/@types%2fbabel__generator 343ms (cache miss)
733 silly packumentCache full:https://registry.npmjs.org/@types%2fbabel__generator set size:undefined disposed:false
734 silly fetch manifest @babel/core@^7.0.0
735 silly packumentCache full:https://registry.npmjs.org/@babel%2fcore cache-miss
736 http cache https://registry.npmjs.org/@babel%2fcore 3ms (cache hit)
737 silly packumentCache full:https://registry.npmjs.org/@babel%2fcore set size:788273 disposed:false
738 silly placeDep ROOT @babel/code-frame@7.29.7 OK for: @babel/core@7.29.7 want: ^7.29.7
739 silly placeDep ROOT @babel/generator@7.29.7 OK for: @babel/core@7.29.7 want: ^7.29.7
740 silly placeDep ROOT @babel/helper-compilation-targets@7.29.7 OK for: @babel/core@7.29.7 want: ^7.29.7
741 silly placeDep ROOT @babel/helper-module-transforms@7.29.7 OK for: @babel/core@7.29.7 want: ^7.29.7
742 silly placeDep ROOT @babel/helpers@7.29.7 OK for: @babel/core@7.29.7 want: ^7.29.7
743 silly placeDep ROOT @babel/parser@7.29.7 OK for: @babel/core@7.29.7 want: ^7.29.7
744 silly placeDep ROOT @babel/template@7.29.7 OK for: @babel/core@7.29.7 want: ^7.29.7
745 silly placeDep ROOT @babel/traverse@7.29.7 OK for: @babel/core@7.29.7 want: ^7.29.7
746 silly placeDep ROOT @babel/types@7.29.7 OK for: @babel/core@7.29.7 want: ^7.29.7
747 silly placeDep ROOT @jridgewell/remapping@2.3.5 OK for: @babel/core@7.29.7 want: ^2.3.5
748 silly placeDep ROOT convert-source-map@2.0.0 OK for: @babel/core@7.29.7 want: ^2.0.0
749 silly placeDep ROOT gensync@1.0.0-beta.2 OK for: @babel/core@7.29.7 want: ^1.0.0-beta.2
750 silly placeDep ROOT json5@2.2.3 OK for: @babel/core@7.29.7 want: ^2.2.3
751 silly placeDep node_modules/@babel/core semver@6.3.1 OK for: @babel/core@7.29.7 want: ^6.3.1
752 silly fetch manifest js-tokens@^4.0.0
753 silly packumentCache full:https://registry.npmjs.org/js-tokens cache-miss
754 silly fetch manifest @babel/helper-validator-identifier@^7.29.7
755 silly packumentCache full:https://registry.npmjs.org/@babel%2fhelper-validator-identifier cache-miss
756 silly fetch manifest jsesc@^3.0.2
757 silly packumentCache full:https://registry.npmjs.org/jsesc cache-miss
758 silly fetch manifest @jridgewell/gen-mapping@^0.3.12
759 silly packumentCache full:https://registry.npmjs.org/@jridgewell%2fgen-mapping cache-miss
760 silly fetch manifest @jridgewell/trace-mapping@^0.3.28
761 silly packumentCache full:https://registry.npmjs.org/@jridgewell%2ftrace-mapping cache-miss
762 silly fetch manifest lru-cache@^5.1.1
763 silly packumentCache full:https://registry.npmjs.org/lru-cache cache-miss
764 silly fetch manifest browserslist@^4.24.0
765 silly packumentCache full:https://registry.npmjs.org/browserslist cache-miss
766 silly fetch manifest @babel/compat-data@^7.29.7
767 silly packumentCache full:https://registry.npmjs.org/@babel%2fcompat-data cache-miss
768 silly fetch manifest @babel/helper-validator-option@^7.29.7
769 silly packumentCache full:https://registry.npmjs.org/@babel%2fhelper-validator-option cache-miss
770 http cache https://registry.npmjs.org/browserslist 6ms (cache hit)
771 silly packumentCache full:https://registry.npmjs.org/browserslist set size:516369 disposed:false
772 silly fetch manifest @babel/helper-module-imports@^7.29.7
773 silly packumentCache full:https://registry.npmjs.org/@babel%2fhelper-module-imports cache-miss
774 http fetch GET 200 https://registry.npmjs.org/js-tokens 87ms (cache miss)
775 silly packumentCache full:https://registry.npmjs.org/js-tokens set size:undefined disposed:false
776 silly fetch manifest @babel/helper-validator-identifier@^7.29.7
777 silly packumentCache full:https://registry.npmjs.org/@babel%2fhelper-validator-identifier cache-miss
778 http fetch GET 200 https://registry.npmjs.org/jsesc 104ms (cache miss)
779 silly packumentCache full:https://registry.npmjs.org/jsesc set size:undefined disposed:false
780 silly fetch manifest @babel/helper-globals@^7.29.7
781 silly packumentCache full:https://registry.npmjs.org/@babel%2fhelper-globals cache-miss
782 http fetch GET 200 https://registry.npmjs.org/@babel%2fhelper-validator-identifier 109ms (cache miss)
783 silly packumentCache full:https://registry.npmjs.org/@babel%2fhelper-validator-identifier set size:undefined disposed:false
784 silly fetch manifest @babel/helper-string-parser@^7.29.7
785 silly packumentCache full:https://registry.npmjs.org/@babel%2fhelper-string-parser cache-miss
786 http fetch GET 200 https://registry.npmjs.org/@jridgewell%2fgen-mapping 115ms (cache miss)
787 silly packumentCache full:https://registry.npmjs.org/@jridgewell%2fgen-mapping set size:undefined disposed:false
788 silly fetch manifest @jridgewell/gen-mapping@^0.3.5
789 silly packumentCache full:https://registry.npmjs.org/@jridgewell%2fgen-mapping cache-miss
790 http cache https://registry.npmjs.org/@jridgewell%2fgen-mapping 2ms (cache hit)
791 silly packumentCache full:https://registry.npmjs.org/@jridgewell%2fgen-mapping set size:75941 disposed:false
792 silly fetch manifest @jridgewell/trace-mapping@^0.3.24
793 silly packumentCache full:https://registry.npmjs.org/@jridgewell%2ftrace-mapping cache-miss
794 http fetch GET 200 https://registry.npmjs.org/@jridgewell%2ftrace-mapping 124ms (cache miss)
795 silly packumentCache full:https://registry.npmjs.org/@jridgewell%2ftrace-mapping set size:undefined disposed:false
796 http fetch GET 200 https://registry.npmjs.org/@babel%2fhelper-validator-option 124ms (cache miss)
797 silly packumentCache full:https://registry.npmjs.org/@babel%2fhelper-validator-option set size:undefined disposed:false
798 http fetch GET 200 https://registry.npmjs.org/@babel%2fhelper-validator-identifier 89ms (cache miss)
799 silly packumentCache full:https://registry.npmjs.org/@babel%2fhelper-validator-identifier set size:undefined disposed:false
800 http fetch GET 200 https://registry.npmjs.org/@babel%2fcompat-data 176ms (cache miss)
801 silly packumentCache full:https://registry.npmjs.org/@babel%2fcompat-data set size:undefined disposed:false
802 http fetch GET 200 https://registry.npmjs.org/@babel%2fhelper-globals 76ms (cache miss)
803 silly packumentCache full:https://registry.npmjs.org/@babel%2fhelper-globals set size:undefined disposed:false
804 http fetch GET 200 https://registry.npmjs.org/@babel%2fhelper-module-imports 178ms (cache miss)
805 silly packumentCache full:https://registry.npmjs.org/@babel%2fhelper-module-imports set size:undefined disposed:false
806 http fetch GET 200 https://registry.npmjs.org/@babel%2fhelper-string-parser 79ms (cache miss)
807 silly packumentCache full:https://registry.npmjs.org/@babel%2fhelper-string-parser set size:undefined disposed:false
808 http fetch GET 200 https://registry.npmjs.org/@jridgewell%2ftrace-mapping 97ms (cache miss)
809 silly packumentCache full:https://registry.npmjs.org/@jridgewell%2ftrace-mapping set size:undefined disposed:false
810 http fetch GET 200 https://registry.npmjs.org/lru-cache 253ms (cache miss)
811 silly packumentCache full:https://registry.npmjs.org/lru-cache set size:undefined disposed:false
812 silly placeDep ROOT @babel/helper-validator-identifier@7.29.7 OK for: @babel/code-frame@7.29.7 want: ^7.29.7
813 silly placeDep ROOT js-tokens@4.0.0 OK for: @babel/code-frame@7.29.7 want: ^4.0.0
814 silly placeDep ROOT picocolors@1.1.1 OK for: @babel/code-frame@7.29.7 want: ^1.1.1
815 silly placeDep ROOT @jridgewell/gen-mapping@0.3.13 OK for: @babel/generator@7.29.7 want: ^0.3.12
816 silly placeDep ROOT @jridgewell/trace-mapping@0.3.31 OK for: @babel/generator@7.29.7 want: ^0.3.28
817 silly placeDep ROOT jsesc@3.1.0 OK for: @babel/generator@7.29.7 want: ^3.0.2
818 silly fetch manifest @jridgewell/sourcemap-codec@^1.5.0
819 silly packumentCache full:https://registry.npmjs.org/@jridgewell%2fsourcemap-codec cache-miss
820 silly fetch manifest @jridgewell/resolve-uri@^3.1.0
821 silly packumentCache full:https://registry.npmjs.org/@jridgewell%2fresolve-uri cache-miss
822 silly fetch manifest @jridgewell/sourcemap-codec@^1.4.14
823 silly packumentCache full:https://registry.npmjs.org/@jridgewell%2fsourcemap-codec cache-miss
824 http fetch GET 200 https://registry.npmjs.org/@jridgewell%2fresolve-uri 81ms (cache miss)
825 silly packumentCache full:https://registry.npmjs.org/@jridgewell%2fresolve-uri set size:undefined disposed:false
826 http fetch GET 200 https://registry.npmjs.org/@jridgewell%2fsourcemap-codec 373ms (cache miss)
827 silly packumentCache full:https://registry.npmjs.org/@jridgewell%2fsourcemap-codec set size:undefined disposed:false
828 http fetch GET 200 https://registry.npmjs.org/@jridgewell%2fsourcemap-codec 374ms (cache miss)
829 silly packumentCache full:https://registry.npmjs.org/@jridgewell%2fsourcemap-codec set size:undefined disposed:false
830 silly placeDep ROOT @babel/compat-data@7.29.7 OK for: @babel/helper-compilation-targets@7.29.7 want: ^7.29.7
831 silly placeDep ROOT @babel/helper-validator-option@7.29.7 OK for: @babel/helper-compilation-targets@7.29.7 want: ^7.29.7
832 silly placeDep ROOT browserslist@4.28.7 OK for: @babel/helper-compilation-targets@7.29.7 want: ^4.24.0
833 silly placeDep ROOT lru-cache@5.1.1 OK for: @babel/helper-compilation-targets@7.29.7 want: ^5.1.1
834 silly placeDep node_modules/@babel/helper-compilation-targets semver@6.3.1 OK for: @babel/helper-compilation-targets@7.29.7 want: ^6.3.1
835 silly fetch manifest node-releases@^2.0.51
836 silly packumentCache full:https://registry.npmjs.org/node-releases cache-miss
837 silly fetch manifest electron-to-chromium@^1.5.393
838 silly packumentCache full:https://registry.npmjs.org/electron-to-chromium cache-miss
839 silly fetch manifest update-browserslist-db@^1.2.3
840 silly packumentCache full:https://registry.npmjs.org/update-browserslist-db cache-miss
841 silly fetch manifest baseline-browser-mapping@^2.10.44
842 silly packumentCache full:https://registry.npmjs.org/baseline-browser-mapping cache-miss
843 silly fetch manifest yallist@^3.0.2
844 silly packumentCache full:https://registry.npmjs.org/yallist cache-miss
845 http fetch GET 200 https://registry.npmjs.org/update-browserslist-db 76ms (cache miss)
846 silly packumentCache full:https://registry.npmjs.org/update-browserslist-db set size:undefined disposed:false
847 http fetch GET 200 https://registry.npmjs.org/yallist 89ms (cache miss)
848 silly packumentCache full:https://registry.npmjs.org/yallist set size:undefined disposed:false
849 http fetch GET 200 https://registry.npmjs.org/baseline-browser-mapping 117ms (cache miss)
850 silly packumentCache full:https://registry.npmjs.org/baseline-browser-mapping set size:undefined disposed:false
851 http fetch GET 200 https://registry.npmjs.org/node-releases 159ms (cache miss)
852 silly packumentCache full:https://registry.npmjs.org/node-releases set size:undefined disposed:false
853 http fetch GET 200 https://registry.npmjs.org/electron-to-chromium 1296ms (cache miss)
854 silly packumentCache full:https://registry.npmjs.org/electron-to-chromium set size:undefined disposed:false
855 silly placeDep ROOT @babel/helper-module-imports@7.29.7 OK for: @babel/helper-module-transforms@7.29.7 want: ^7.29.7
856 silly placeDep ROOT @babel/helper-plugin-utils@7.29.7 OK for: @babel/plugin-transform-react-jsx-self@7.29.7 want: ^7.29.7
857 silly placeDep ROOT @babel/helper-globals@7.29.7 OK for: @babel/traverse@7.29.7 want: ^7.29.7
858 silly placeDep ROOT @babel/helper-string-parser@7.29.7 OK for: @babel/types@7.29.7 want: ^7.29.7
859 silly placeDep ROOT @jridgewell/sourcemap-codec@1.5.5 OK for: @jridgewell/gen-mapping@0.3.13 want: ^1.5.0
860 silly placeDep ROOT @jridgewell/resolve-uri@3.1.2 OK for: @jridgewell/trace-mapping@0.3.31 want: ^3.1.0
861 silly placeDep ROOT @types/babel__generator@7.27.0 OK for: @types/babel__core@7.20.5 want: *
862 silly placeDep ROOT @types/babel__template@7.4.4 OK for: @types/babel__core@7.20.5 want: *
863 silly placeDep ROOT @types/babel__traverse@7.28.0 OK for: @types/babel__core@7.20.5 want: *
864 silly placeDep ROOT caniuse-lite@1.0.30001806 OK for: autoprefixer@10.5.4 want: ^1.0.30001806
865 silly placeDep ROOT fraction.js@5.3.4 OK for: autoprefixer@10.5.4 want: ^5.3.4
866 silly placeDep ROOT postcss-value-parser@4.2.0 OK for: autoprefixer@10.5.4 want: ^4.2.0
867 silly placeDep ROOT follow-redirects@1.16.0 OK for: axios@1.19.0 want: ^1.16.0
868 silly placeDep ROOT form-data@4.0.6 OK for: axios@1.19.0 want: ^4.0.6
869 silly placeDep ROOT https-proxy-agent@5.0.1 OK for: axios@1.19.0 want: ^5.0.1
870 silly placeDep ROOT proxy-from-env@2.1.0 OK for: axios@1.19.0 want: ^2.1.0
871 silly fetch manifest hasown@^2.0.4
872 silly packumentCache full:https://registry.npmjs.org/hasown cache-miss
873 silly fetch manifest asynckit@^0.4.0
874 silly packumentCache full:https://registry.npmjs.org/asynckit cache-miss
875 silly fetch manifest mime-types@^2.1.35
876 silly packumentCache full:https://registry.npmjs.org/mime-types cache-miss
877 silly fetch manifest combined-stream@^1.0.8
878 silly packumentCache full:https://registry.npmjs.org/combined-stream cache-miss
879 silly fetch manifest es-set-tostringtag@^2.1.0
880 silly packumentCache full:https://registry.npmjs.org/es-set-tostringtag cache-miss
881 silly fetch manifest agent-base@6
882 silly packumentCache full:https://registry.npmjs.org/agent-base cache-miss
883 http fetch GET 200 https://registry.npmjs.org/es-set-tostringtag 66ms (cache miss)
884 silly packumentCache full:https://registry.npmjs.org/es-set-tostringtag set size:undefined disposed:false
885 http fetch GET 200 https://registry.npmjs.org/hasown 78ms (cache miss)
886 silly packumentCache full:https://registry.npmjs.org/hasown set size:undefined disposed:false
887 http fetch GET 200 https://registry.npmjs.org/asynckit 78ms (cache miss)
888 silly packumentCache full:https://registry.npmjs.org/asynckit set size:undefined disposed:false
889 http fetch GET 200 https://registry.npmjs.org/combined-stream 81ms (cache miss)
890 silly packumentCache full:https://registry.npmjs.org/combined-stream set size:undefined disposed:false
891 http fetch GET 200 https://registry.npmjs.org/mime-types 88ms (cache miss)
892 silly packumentCache full:https://registry.npmjs.org/mime-types set size:undefined disposed:false
893 http fetch GET 200 https://registry.npmjs.org/agent-base 89ms (cache miss)
894 silly packumentCache full:https://registry.npmjs.org/agent-base set size:undefined disposed:false
895 silly fetch manifest browserslist@>= 4.21.0
896 silly packumentCache full:https://registry.npmjs.org/browserslist cache-hit
897 silly placeDep ROOT baseline-browser-mapping@2.11.8 OK for: browserslist@4.28.7 want: ^2.10.44
898 silly placeDep ROOT electron-to-chromium@1.5.398 OK for: browserslist@4.28.7 want: ^1.5.393
899 silly placeDep ROOT node-releases@2.0.51 OK for: browserslist@4.28.7 want: ^2.0.51
900 silly placeDep ROOT update-browserslist-db@1.2.3 OK for: browserslist@4.28.7 want: ^1.2.3
901 silly fetch manifest escalade@^3.2.0
902 silly packumentCache full:https://registry.npmjs.org/escalade cache-miss
903 http fetch GET 200 https://registry.npmjs.org/escalade 75ms (cache miss)
904 silly packumentCache full:https://registry.npmjs.org/escalade set size:undefined disposed:false
905 silly placeDep ROOT ms@2.1.3 OK for: debug@4.4.3 want: ^2.1.3
906 silly placeDep ROOT @eslint/eslintrc@2.1.4 OK for: eslint@8.57.1 want: ^2.1.4
907 silly placeDep ROOT @eslint/js@8.57.1 OK for: eslint@8.57.1 want: 8.57.1
908 silly placeDep ROOT @humanwhocodes/config-array@0.13.0 OK for: eslint@8.57.1 want: ^0.13.0
909 silly placeDep ROOT @humanwhocodes/module-importer@1.0.1 OK for: eslint@8.57.1 want: ^1.0.1
910 silly placeDep ROOT @nodelib/fs.walk@1.2.8 OK for: eslint@8.57.1 want: ^1.2.8
911 silly placeDep ROOT @ungap/structured-clone@1.3.3 OK for: eslint@8.57.1 want: ^1.2.0
912 silly placeDep ROOT ajv@6.15.0 OK for: eslint@8.57.1 want: ^6.12.4
913 silly placeDep ROOT chalk@4.1.2 OK for: eslint@8.57.1 want: ^4.0.0
914 silly placeDep ROOT cross-spawn@7.0.6 OK for: eslint@8.57.1 want: ^7.0.2
915 silly placeDep ROOT doctrine@3.0.0 OK for: eslint@8.57.1 want: ^3.0.0
916 silly placeDep ROOT escape-string-regexp@4.0.0 OK for: eslint@8.57.1 want: ^4.0.0
917 silly placeDep ROOT eslint-scope@7.2.2 OK for: eslint@8.57.1 want: ^7.2.2
918 silly placeDep ROOT espree@9.6.1 OK for: eslint@8.57.1 want: ^9.6.1
919 silly placeDep ROOT esquery@1.7.0 OK for: eslint@8.57.1 want: ^1.4.2
920 silly placeDep ROOT esutils@2.0.3 OK for: eslint@8.57.1 want: ^2.0.2
921 silly placeDep ROOT fast-deep-equal@3.1.3 OK for: eslint@8.57.1 want: ^3.1.3
922 silly placeDep ROOT file-entry-cache@6.0.1 OK for: eslint@8.57.1 want: ^6.0.1
923 silly placeDep ROOT find-up@5.0.0 OK for: eslint@8.57.1 want: ^5.0.0
924 silly placeDep ROOT glob-parent@6.0.2 OK for: eslint@8.57.1 want: ^6.0.2
925 silly placeDep ROOT globals@13.24.0 OK for: eslint@8.57.1 want: ^13.19.0
926 silly placeDep ROOT imurmurhash@0.1.4 OK for: eslint@8.57.1 want: ^0.1.4
927 silly placeDep ROOT is-path-inside@3.0.3 OK for: eslint@8.57.1 want: ^3.0.3
928 silly placeDep ROOT js-yaml@4.3.0 OK for: eslint@8.57.1 want: ^4.1.0
929 silly placeDep ROOT json-stable-stringify-without-jsonify@1.0.1 OK for: eslint@8.57.1 want: ^1.0.1
930 silly placeDep ROOT levn@0.4.1 OK for: eslint@8.57.1 want: ^0.4.1
931 silly placeDep ROOT lodash.merge@4.6.2 OK for: eslint@8.57.1 want: ^4.6.2
932 silly placeDep node_modules/eslint minimatch@3.1.5 OK for: eslint@8.57.1 want: ^3.1.2
933 silly placeDep ROOT optionator@0.9.4 OK for: eslint@8.57.1 want: ^0.9.3
934 silly placeDep ROOT strip-ansi@6.0.1 OK for: eslint@8.57.1 want: ^6.0.1
935 silly placeDep ROOT text-table@0.2.0 OK for: eslint@8.57.1 want: ^0.2.0
936 silly fetch manifest espree@^9.6.0
937 silly packumentCache full:https://registry.npmjs.org/espree cache-miss
938 silly fetch manifest import-fresh@^3.2.1
939 silly packumentCache full:https://registry.npmjs.org/import-fresh cache-miss
940 silly fetch manifest strip-json-comments@^3.1.1
941 silly packumentCache full:https://registry.npmjs.org/strip-json-comments cache-miss
942 silly fetch manifest minimatch@^3.0.5
943 silly packumentCache full:https://registry.npmjs.org/minimatch cache-hit
944 silly fetch manifest @humanwhocodes/object-schema@^2.0.3
945 silly packumentCache full:https://registry.npmjs.org/@humanwhocodes%2fobject-schema cache-miss
946 silly fetch manifest fastq@^1.6.0
947 silly packumentCache full:https://registry.npmjs.org/fastq cache-miss
948 silly fetch manifest @nodelib/fs.scandir@2.1.5
949 silly packumentCache full:https://registry.npmjs.org/@nodelib%2ffs.scandir cache-miss
950 silly fetch manifest uri-js@^4.2.2
951 silly packumentCache full:https://registry.npmjs.org/uri-js cache-miss
952 silly fetch manifest fast-deep-equal@^3.1.1
953 silly packumentCache full:https://registry.npmjs.org/fast-deep-equal cache-miss
954 silly fetch manifest json-schema-traverse@^0.4.1
955 silly packumentCache full:https://registry.npmjs.org/json-schema-traverse cache-miss
956 http cache https://registry.npmjs.org/fast-deep-equal 3ms (cache hit)
957 silly packumentCache full:https://registry.npmjs.org/fast-deep-equal set size:48634 disposed:false
958 silly fetch manifest fast-json-stable-stringify@^2.0.0
959 silly packumentCache full:https://registry.npmjs.org/fast-json-stable-stringify cache-miss
960 http cache https://registry.npmjs.org/espree 7ms (cache hit)
961 silly packumentCache full:https://registry.npmjs.org/espree set size:326080 disposed:false
962 silly fetch manifest ansi-styles@^4.1.0
963 silly packumentCache full:https://registry.npmjs.org/ansi-styles cache-miss
964 http fetch GET 200 https://registry.npmjs.org/fast-json-stable-stringify 69ms (cache miss)
965 silly packumentCache full:https://registry.npmjs.org/fast-json-stable-stringify set size:undefined disposed:false
966 silly fetch manifest supports-color@^7.1.0
967 silly packumentCache full:https://registry.npmjs.org/supports-color cache-miss
968 http fetch GET 200 https://registry.npmjs.org/import-fresh 79ms (cache miss)
969 silly packumentCache full:https://registry.npmjs.org/import-fresh set size:undefined disposed:false
970 silly fetch manifest which@^2.0.1
971 silly packumentCache full:https://registry.npmjs.org/which cache-miss
972 http fetch GET 200 https://registry.npmjs.org/json-schema-traverse 83ms (cache miss)
973 silly packumentCache full:https://registry.npmjs.org/json-schema-traverse set size:undefined disposed:false
974 silly fetch manifest path-key@^3.1.0
975 silly packumentCache full:https://registry.npmjs.org/path-key cache-miss
976 http fetch GET 200 https://registry.npmjs.org/strip-json-comments 85ms (cache miss)
977 silly packumentCache full:https://registry.npmjs.org/strip-json-comments set size:undefined disposed:false
978 silly fetch manifest shebang-command@^2.0.0
979 silly packumentCache full:https://registry.npmjs.org/shebang-command cache-miss
980 http fetch GET 200 https://registry.npmjs.org/ansi-styles 82ms (cache miss)
981 silly packumentCache full:https://registry.npmjs.org/ansi-styles set size:undefined disposed:false
982 silly fetch manifest esrecurse@^4.3.0
983 silly packumentCache full:https://registry.npmjs.org/esrecurse cache-miss
984 http fetch GET 200 https://registry.npmjs.org/fastq 89ms (cache miss)
985 silly packumentCache full:https://registry.npmjs.org/fastq set size:undefined disposed:false
986 silly fetch manifest estraverse@^5.2.0
987 silly packumentCache full:https://registry.npmjs.org/estraverse cache-miss
988 http fetch GET 200 https://registry.npmjs.org/@nodelib%2ffs.scandir 108ms (cache miss)
989 silly packumentCache full:https://registry.npmjs.org/@nodelib%2ffs.scandir set size:undefined disposed:false
990 silly fetch manifest acorn@^8.9.0
991 silly packumentCache full:https://registry.npmjs.org/acorn cache-miss
992 http fetch GET 200 https://registry.npmjs.org/shebang-command 73ms (cache miss)
993 silly packumentCache full:https://registry.npmjs.org/shebang-command set size:undefined disposed:false
994 silly fetch manifest acorn-jsx@^5.3.2
995 silly packumentCache full:https://registry.npmjs.org/acorn-jsx cache-miss
996 http fetch GET 200 https://registry.npmjs.org/path-key 75ms (cache miss)
997 silly packumentCache full:https://registry.npmjs.org/path-key set size:undefined disposed:false
998 silly fetch manifest estraverse@^5.1.0
999 silly packumentCache full:https://registry.npmjs.org/estraverse cache-miss
1000 http fetch GET 200 https://registry.npmjs.org/esrecurse 77ms (cache miss)
1001 silly packumentCache full:https://registry.npmjs.org/esrecurse set size:undefined disposed:false
1002 silly fetch manifest flat-cache@^3.0.4
1003 silly packumentCache full:https://registry.npmjs.org/flat-cache cache-miss
1004 http fetch GET 200 https://registry.npmjs.org/which 88ms (cache miss)
1005 silly packumentCache full:https://registry.npmjs.org/which set size:undefined disposed:false
1006 silly fetch manifest locate-path@^6.0.0
1007 silly packumentCache full:https://registry.npmjs.org/locate-path cache-miss
1008 http fetch GET 200 https://registry.npmjs.org/supports-color 96ms (cache miss)
1009 silly packumentCache full:https://registry.npmjs.org/supports-color set size:undefined disposed:false
1010 silly fetch manifest path-exists@^4.0.0
1011 silly packumentCache full:https://registry.npmjs.org/path-exists cache-miss
1012 http fetch GET 200 https://registry.npmjs.org/estraverse 81ms (cache miss)
1013 silly packumentCache full:https://registry.npmjs.org/estraverse set size:undefined disposed:false
1014 silly fetch manifest type-fest@^0.20.2
1015 silly packumentCache full:https://registry.npmjs.org/type-fest cache-miss
1016 http fetch GET 200 https://registry.npmjs.org/uri-js 172ms (cache miss)
1017 silly packumentCache full:https://registry.npmjs.org/uri-js set size:undefined disposed:false
1018 silly fetch manifest argparse@^2.0.1
1019 silly packumentCache full:https://registry.npmjs.org/argparse cache-miss
1020 http fetch GET 200 https://registry.npmjs.org/estraverse 83ms (cache miss)
1021 silly packumentCache full:https://registry.npmjs.org/estraverse set size:undefined disposed:false
1022 silly fetch manifest prelude-ls@^1.2.1
1023 silly packumentCache full:https://registry.npmjs.org/prelude-ls cache-miss
1024 http fetch GET 200 https://registry.npmjs.org/path-exists 74ms (cache miss)
1025 silly packumentCache full:https://registry.npmjs.org/path-exists set size:undefined disposed:false
1026 silly fetch manifest type-check@~0.4.0
1027 silly packumentCache full:https://registry.npmjs.org/type-check cache-miss
1028 http fetch GET 200 https://registry.npmjs.org/locate-path 80ms (cache miss)
1029 silly packumentCache full:https://registry.npmjs.org/locate-path set size:undefined disposed:false
1030 silly fetch manifest brace-expansion@^1.1.7
1031 silly packumentCache full:https://registry.npmjs.org/brace-expansion cache-miss
1032 http fetch GET 200 https://registry.npmjs.org/flat-cache 84ms (cache miss)
1033 silly packumentCache full:https://registry.npmjs.org/flat-cache set size:undefined disposed:false
1034 silly fetch manifest prelude-ls@^1.2.1
1035 silly packumentCache full:https://registry.npmjs.org/prelude-ls cache-miss
1036 http fetch GET 200 https://registry.npmjs.org/acorn-jsx 94ms (cache miss)
1037 silly packumentCache full:https://registry.npmjs.org/acorn-jsx set size:undefined disposed:false
1038 silly fetch manifest deep-is@^0.1.3
1039 silly packumentCache full:https://registry.npmjs.org/deep-is cache-miss
1040 http cache https://registry.npmjs.org/brace-expansion 6ms (cache hit)
1041 silly packumentCache full:https://registry.npmjs.org/brace-expansion set size:101024 disposed:false
1042 silly fetch manifest word-wrap@^1.2.5
1043 silly packumentCache full:https://registry.npmjs.org/word-wrap cache-miss
1044 http fetch GET 200 https://registry.npmjs.org/argparse 85ms (cache miss)
1045 silly packumentCache full:https://registry.npmjs.org/argparse set size:undefined disposed:false
1046 silly fetch manifest type-check@^0.4.0
1047 silly packumentCache full:https://registry.npmjs.org/type-check cache-miss
1048 http fetch GET 200 https://registry.npmjs.org/acorn 198ms (cache miss)
1049 silly packumentCache full:https://registry.npmjs.org/acorn set size:undefined disposed:false
1050 silly fetch manifest fast-levenshtein@^2.0.6
1051 silly packumentCache full:https://registry.npmjs.org/fast-levenshtein cache-miss
1052 http fetch GET 200 https://registry.npmjs.org/type-check 107ms (cache miss)
1053 silly packumentCache full:https://registry.npmjs.org/type-check set size:undefined disposed:false
1054 silly fetch manifest ansi-regex@^5.0.1
1055 silly packumentCache full:https://registry.npmjs.org/ansi-regex cache-miss
1056 http fetch GET 200 https://registry.npmjs.org/prelude-ls 101ms (cache miss)
1057 silly packumentCache full:https://registry.npmjs.org/prelude-ls set size:undefined disposed:false
1058 http fetch GET 200 https://registry.npmjs.org/deep-is 100ms (cache miss)
1059 silly packumentCache full:https://registry.npmjs.org/deep-is set size:undefined disposed:false
1060 http fetch GET 200 https://registry.npmjs.org/prelude-ls 111ms (cache miss)
1061 silly packumentCache full:https://registry.npmjs.org/prelude-ls set size:undefined disposed:false
1062 http fetch GET 200 https://registry.npmjs.org/word-wrap 98ms (cache miss)
1063 silly packumentCache full:https://registry.npmjs.org/word-wrap set size:undefined disposed:false
1064 http fetch GET 200 https://registry.npmjs.org/type-check 97ms (cache miss)
1065 silly packumentCache full:https://registry.npmjs.org/type-check set size:undefined disposed:false
1066 http fetch GET 200 https://registry.npmjs.org/type-fest 194ms (cache miss)
1067 silly packumentCache full:https://registry.npmjs.org/type-fest set size:undefined disposed:false
1068 http fetch GET 200 https://registry.npmjs.org/fast-levenshtein 77ms (cache miss)
1069 silly packumentCache full:https://registry.npmjs.org/fast-levenshtein set size:undefined disposed:false
1070 http fetch GET 200 https://registry.npmjs.org/ansi-regex 169ms (cache miss)
1071 silly packumentCache full:https://registry.npmjs.org/ansi-regex set size:undefined disposed:false
1072 http fetch GET 200 https://registry.npmjs.org/@humanwhocodes%2fobject-schema 582ms (cache miss)
1073 silly packumentCache full:https://registry.npmjs.org/@humanwhocodes%2fobject-schema set size:undefined disposed:false
1074 silly placeDep ROOT import-fresh@3.3.1 OK for: @eslint/eslintrc@2.1.4 want: ^3.2.1
1075 silly placeDep node_modules/@eslint/eslintrc minimatch@3.1.5 OK for: @eslint/eslintrc@2.1.4 want: ^3.1.2
1076 silly placeDep ROOT strip-json-comments@3.1.1 OK for: @eslint/eslintrc@2.1.4 want: ^3.1.1
1077 silly fetch manifest resolve-from@^4.0.0
1078 silly packumentCache full:https://registry.npmjs.org/resolve-from cache-miss
1079 silly fetch manifest parent-module@^1.0.0
1080 silly packumentCache full:https://registry.npmjs.org/parent-module cache-miss
1081 http fetch GET 200 https://registry.npmjs.org/resolve-from 74ms (cache miss)
1082 silly packumentCache full:https://registry.npmjs.org/resolve-from set size:undefined disposed:false
1083 http fetch GET 200 https://registry.npmjs.org/parent-module 325ms (cache miss)
1084 silly packumentCache full:https://registry.npmjs.org/parent-module set size:undefined disposed:false
1085 silly placeDep ROOT @humanwhocodes/object-schema@2.0.3 OK for: @humanwhocodes/config-array@0.13.0 want: ^2.0.3
1086 silly placeDep node_modules/@humanwhocodes/config-array minimatch@3.1.5 OK for: @humanwhocodes/config-array@0.13.0 want: ^3.0.5
1087 silly placeDep ROOT @nodelib/fs.scandir@2.1.5 OK for: @nodelib/fs.walk@1.2.8 want: 2.1.5
1088 silly placeDep ROOT fastq@1.20.1 OK for: @nodelib/fs.walk@1.2.8 want: ^1.6.0
1089 silly fetch manifest run-parallel@^1.1.9
1090 silly packumentCache full:https://registry.npmjs.org/run-parallel cache-miss
1091 silly fetch manifest @nodelib/fs.stat@2.0.5
1092 silly packumentCache full:https://registry.npmjs.org/@nodelib%2ffs.stat cache-miss
1093 silly fetch manifest reusify@^1.0.4
1094 silly packumentCache full:https://registry.npmjs.org/reusify cache-miss
1095 http fetch GET 200 https://registry.npmjs.org/reusify 81ms (cache miss)
1096 silly packumentCache full:https://registry.npmjs.org/reusify set size:undefined disposed:false
1097 http fetch GET 200 https://registry.npmjs.org/run-parallel 82ms (cache miss)
1098 silly packumentCache full:https://registry.npmjs.org/run-parallel set size:undefined disposed:false
1099 http fetch GET 200 https://registry.npmjs.org/@nodelib%2ffs.stat 94ms (cache miss)
1100 silly packumentCache full:https://registry.npmjs.org/@nodelib%2ffs.stat set size:undefined disposed:false
1101 silly placeDep ROOT @nodelib/fs.stat@2.0.5 OK for: @nodelib/fs.scandir@2.1.5 want: 2.0.5
1102 silly placeDep ROOT run-parallel@1.2.0 OK for: @nodelib/fs.scandir@2.1.5 want: ^1.1.9
1103 silly fetch manifest queue-microtask@^1.2.2
1104 silly packumentCache full:https://registry.npmjs.org/queue-microtask cache-miss
1105 http fetch GET 200 https://registry.npmjs.org/queue-microtask 80ms (cache miss)
1106 silly packumentCache full:https://registry.npmjs.org/queue-microtask set size:undefined disposed:false
1107 silly placeDep ROOT fast-json-stable-stringify@2.1.0 OK for: ajv@6.15.0 want: ^2.0.0
1108 silly placeDep ROOT json-schema-traverse@0.4.1 OK for: ajv@6.15.0 want: ^0.4.1
1109 silly placeDep ROOT uri-js@4.4.1 OK for: ajv@6.15.0 want: ^4.2.2
1110 silly fetch manifest punycode@^2.1.0
1111 silly packumentCache full:https://registry.npmjs.org/punycode cache-miss
1112 http fetch GET 200 https://registry.npmjs.org/punycode 90ms (cache miss)
1113 silly packumentCache full:https://registry.npmjs.org/punycode set size:undefined disposed:false
1114 silly placeDep ROOT ansi-styles@4.3.0 OK for: chalk@4.1.2 want: ^4.1.0
1115 silly placeDep ROOT supports-color@7.2.0 OK for: chalk@4.1.2 want: ^7.1.0
1116 silly fetch manifest color-convert@^2.0.1
1117 silly packumentCache full:https://registry.npmjs.org/color-convert cache-miss
1118 silly fetch manifest has-flag@^4.0.0
1119 silly packumentCache full:https://registry.npmjs.org/has-flag cache-miss
1120 http fetch GET 200 https://registry.npmjs.org/has-flag 54ms (cache miss)
1121 silly packumentCache full:https://registry.npmjs.org/has-flag set size:undefined disposed:false
1122 http fetch GET 200 https://registry.npmjs.org/color-convert 86ms (cache miss)
1123 silly packumentCache full:https://registry.npmjs.org/color-convert set size:undefined disposed:false
1124 silly placeDep ROOT color-convert@2.0.1 OK for: ansi-styles@4.3.0 want: ^2.0.1
1125 silly fetch manifest color-name@~1.1.4
1126 silly packumentCache full:https://registry.npmjs.org/color-name cache-miss
1127 http fetch GET 200 https://registry.npmjs.org/color-name 64ms (cache miss)
1128 silly packumentCache full:https://registry.npmjs.org/color-name set size:undefined disposed:false
1129 silly placeDep ROOT color-name@1.1.4 OK for: color-convert@2.0.1 want: ~1.1.4
1130 silly placeDep ROOT path-key@3.1.1 OK for: cross-spawn@7.0.6 want: ^3.1.0
1131 silly placeDep ROOT shebang-command@2.0.0 OK for: cross-spawn@7.0.6 want: ^2.0.0
1132 silly placeDep ROOT which@2.0.2 OK for: cross-spawn@7.0.6 want: ^2.0.1
1133 silly fetch manifest shebang-regex@^3.0.0
1134 silly packumentCache full:https://registry.npmjs.org/shebang-regex cache-miss
1135 silly fetch manifest isexe@^2.0.0
1136 silly packumentCache full:https://registry.npmjs.org/isexe cache-miss
1137 http fetch GET 200 https://registry.npmjs.org/isexe 74ms (cache miss)
1138 silly packumentCache full:https://registry.npmjs.org/isexe set size:undefined disposed:false
1139 http fetch GET 200 https://registry.npmjs.org/shebang-regex 77ms (cache miss)
1140 silly packumentCache full:https://registry.npmjs.org/shebang-regex set size:undefined disposed:false
1141 silly placeDep ROOT esrecurse@4.3.0 OK for: eslint-scope@7.2.2 want: ^4.3.0
1142 silly placeDep ROOT estraverse@5.3.0 OK for: eslint-scope@7.2.2 want: ^5.2.0
1143 silly placeDep ROOT acorn@8.18.0 OK for: espree@9.6.1 want: ^8.9.0
1144 silly placeDep ROOT acorn-jsx@5.3.2 OK for: espree@9.6.1 want: ^5.3.2
1145 silly placeDep ROOT reusify@1.1.0 OK for: fastq@1.20.1 want: ^1.0.4
1146 silly placeDep ROOT flat-cache@3.2.0 OK for: file-entry-cache@6.0.1 want: ^3.0.4
1147 silly fetch manifest keyv@^4.5.3
1148 silly packumentCache full:https://registry.npmjs.org/keyv cache-miss
1149 silly fetch manifest rimraf@^3.0.2
1150 silly packumentCache full:https://registry.npmjs.org/rimraf cache-miss
1151 silly fetch manifest flatted@^3.2.9
1152 silly packumentCache full:https://registry.npmjs.org/flatted cache-miss
1153 http fetch GET 200 https://registry.npmjs.org/flatted 89ms (cache miss)
1154 silly packumentCache full:https://registry.npmjs.org/flatted set size:undefined disposed:false
1155 http fetch GET 200 https://registry.npmjs.org/keyv 113ms (cache miss)
1156 silly packumentCache full:https://registry.npmjs.org/keyv set size:undefined disposed:false
1157 http fetch GET 200 https://registry.npmjs.org/rimraf 131ms (cache miss)
1158 silly packumentCache full:https://registry.npmjs.org/rimraf set size:undefined disposed:false
1159 silly placeDep ROOT locate-path@6.0.0 OK for: find-up@5.0.0 want: ^6.0.0
1160 silly placeDep ROOT path-exists@4.0.0 OK for: find-up@5.0.0 want: ^4.0.0
1161 silly fetch manifest p-locate@^5.0.0
1162 silly packumentCache full:https://registry.npmjs.org/p-locate cache-miss
1163 http fetch GET 200 https://registry.npmjs.org/p-locate 72ms (cache miss)
1164 silly packumentCache full:https://registry.npmjs.org/p-locate set size:undefined disposed:false
1165 silly placeDep ROOT flatted@3.4.4 OK for: flat-cache@3.2.0 want: ^3.2.9
1166 silly placeDep ROOT keyv@4.5.4 OK for: flat-cache@3.2.0 want: ^4.5.3
1167 silly placeDep ROOT rimraf@3.0.2 OK for: flat-cache@3.2.0 want: ^3.0.2
1168 silly fetch manifest json-buffer@3.0.1
1169 silly packumentCache full:https://registry.npmjs.org/json-buffer cache-miss
1170 silly fetch manifest glob@^7.1.3
1171 silly packumentCache full:https://registry.npmjs.org/glob cache-miss
1172 http fetch GET 200 https://registry.npmjs.org/json-buffer 65ms (cache miss)
1173 silly packumentCache full:https://registry.npmjs.org/json-buffer set size:undefined disposed:false
1174 http fetch GET 200 https://registry.npmjs.org/glob 150ms (cache miss)
1175 silly packumentCache full:https://registry.npmjs.org/glob set size:undefined disposed:false
1176 silly placeDep ROOT asynckit@0.4.0 OK for: form-data@4.0.6 want: ^0.4.0
1177 silly placeDep ROOT combined-stream@1.0.8 OK for: form-data@4.0.6 want: ^1.0.8
1178 silly placeDep ROOT es-set-tostringtag@2.1.0 OK for: form-data@4.0.6 want: ^2.1.0
1179 silly placeDep ROOT hasown@2.0.4 OK for: form-data@4.0.6 want: ^2.0.4
1180 silly placeDep ROOT mime-types@2.1.35 OK for: form-data@4.0.6 want: ^2.1.35
1181 silly fetch manifest delayed-stream@~1.0.0
1182 silly packumentCache full:https://registry.npmjs.org/delayed-stream cache-miss
1183 silly fetch manifest es-errors@^1.3.0
1184 silly packumentCache full:https://registry.npmjs.org/es-errors cache-miss
1185 silly fetch manifest get-intrinsic@^1.2.6
1186 silly packumentCache full:https://registry.npmjs.org/get-intrinsic cache-miss
1187 silly fetch manifest has-tostringtag@^1.0.2
1188 silly packumentCache full:https://registry.npmjs.org/has-tostringtag cache-miss
1189 silly fetch manifest hasown@^2.0.2
1190 silly packumentCache full:https://registry.npmjs.org/hasown cache-miss
1191 silly fetch manifest function-bind@^1.1.2
1192 silly packumentCache full:https://registry.npmjs.org/function-bind cache-miss
1193 silly fetch manifest mime-db@1.52.0
1194 silly packumentCache full:https://registry.npmjs.org/mime-db cache-miss
1195 http cache https://registry.npmjs.org/hasown 5ms (cache hit)
1196 silly packumentCache full:https://registry.npmjs.org/hasown set size:18361 disposed:false
1197 http fetch GET 200 https://registry.npmjs.org/delayed-stream 74ms (cache miss)
1198 silly packumentCache full:https://registry.npmjs.org/delayed-stream set size:undefined disposed:false
1199 http fetch GET 200 https://registry.npmjs.org/has-tostringtag 76ms (cache miss)
1200 silly packumentCache full:https://registry.npmjs.org/has-tostringtag set size:undefined disposed:false
1201 http fetch GET 200 https://registry.npmjs.org/es-errors 78ms (cache miss)
1202 silly packumentCache full:https://registry.npmjs.org/es-errors set size:undefined disposed:false
1203 http fetch GET 200 https://registry.npmjs.org/function-bind 79ms (cache miss)
1204 silly packumentCache full:https://registry.npmjs.org/function-bind set size:undefined disposed:false
1205 http fetch GET 200 https://registry.npmjs.org/get-intrinsic 86ms (cache miss)
1206 silly packumentCache full:https://registry.npmjs.org/get-intrinsic set size:undefined disposed:false
1207 http fetch GET 200 https://registry.npmjs.org/mime-db 98ms (cache miss)
1208 silly packumentCache full:https://registry.npmjs.org/mime-db set size:undefined disposed:false
1209 silly placeDep ROOT delayed-stream@1.0.0 OK for: combined-stream@1.0.8 want: ~1.0.0
1210 silly placeDep ROOT es-errors@1.3.0 OK for: es-set-tostringtag@2.1.0 want: ^1.3.0
1211 silly placeDep ROOT get-intrinsic@1.3.0 OK for: es-set-tostringtag@2.1.0 want: ^1.2.6
1212 silly placeDep ROOT has-tostringtag@1.0.2 OK for: es-set-tostringtag@2.1.0 want: ^1.0.2
1213 silly fetch manifest gopd@^1.2.0
1214 silly packumentCache full:https://registry.npmjs.org/gopd cache-miss
1215 silly fetch manifest get-proto@^1.0.1
1216 silly packumentCache full:https://registry.npmjs.org/get-proto cache-miss
1217 silly fetch manifest has-symbols@^1.1.0
1218 silly packumentCache full:https://registry.npmjs.org/has-symbols cache-miss
1219 silly fetch manifest es-object-atoms@^1.1.1
1220 silly packumentCache full:https://registry.npmjs.org/es-object-atoms cache-miss
1221 silly fetch manifest math-intrinsics@^1.1.0
1222 silly packumentCache full:https://registry.npmjs.org/math-intrinsics cache-miss
1223 silly fetch manifest es-define-property@^1.0.1
1224 silly packumentCache full:https://registry.npmjs.org/es-define-property cache-miss
1225 silly fetch manifest call-bind-apply-helpers@^1.0.2
1226 silly packumentCache full:https://registry.npmjs.org/call-bind-apply-helpers cache-miss
1227 silly fetch manifest has-symbols@^1.0.3
1228 silly packumentCache full:https://registry.npmjs.org/has-symbols cache-miss
1229 http fetch GET 200 https://registry.npmjs.org/math-intrinsics 66ms (cache miss)
1230 silly packumentCache full:https://registry.npmjs.org/math-intrinsics set size:undefined disposed:false
1231 http fetch GET 200 https://registry.npmjs.org/get-proto 68ms (cache miss)
1232 silly packumentCache full:https://registry.npmjs.org/get-proto set size:undefined disposed:false
1233 http fetch GET 200 https://registry.npmjs.org/es-define-property 83ms (cache miss)
1234 silly packumentCache full:https://registry.npmjs.org/es-define-property set size:undefined disposed:false
1235 http fetch GET 200 https://registry.npmjs.org/es-object-atoms 84ms (cache miss)
1236 silly packumentCache full:https://registry.npmjs.org/es-object-atoms set size:undefined disposed:false
1237 http fetch GET 200 https://registry.npmjs.org/call-bind-apply-helpers 84ms (cache miss)
1238 silly packumentCache full:https://registry.npmjs.org/call-bind-apply-helpers set size:undefined disposed:false
1239 http fetch GET 200 https://registry.npmjs.org/gopd 89ms (cache miss)
1240 silly packumentCache full:https://registry.npmjs.org/gopd set size:undefined disposed:false
1241 http fetch GET 200 https://registry.npmjs.org/has-symbols 85ms (cache miss)
1242 silly packumentCache full:https://registry.npmjs.org/has-symbols set size:undefined disposed:false
1243 http fetch GET 200 https://registry.npmjs.org/has-symbols 87ms (cache miss)
1244 silly packumentCache full:https://registry.npmjs.org/has-symbols set size:undefined disposed:false
1245 silly placeDep ROOT call-bind-apply-helpers@1.0.2 OK for: get-intrinsic@1.3.0 want: ^1.0.2
1246 silly placeDep ROOT es-define-property@1.0.1 OK for: get-intrinsic@1.3.0 want: ^1.0.1
1247 silly placeDep ROOT es-object-atoms@1.1.2 OK for: get-intrinsic@1.3.0 want: ^1.1.1
1248 silly placeDep ROOT function-bind@1.1.2 OK for: get-intrinsic@1.3.0 want: ^1.1.2
1249 silly placeDep ROOT get-proto@1.0.1 OK for: get-intrinsic@1.3.0 want: ^1.0.1
1250 silly placeDep ROOT gopd@1.2.0 OK for: get-intrinsic@1.3.0 want: ^1.2.0
1251 silly placeDep ROOT has-symbols@1.1.0 OK for: get-intrinsic@1.3.0 want: ^1.1.0
1252 silly placeDep ROOT math-intrinsics@1.1.0 OK for: get-intrinsic@1.3.0 want: ^1.1.0
1253 silly fetch manifest dunder-proto@^1.0.1
1254 silly packumentCache full:https://registry.npmjs.org/dunder-proto cache-miss
1255 http fetch GET 200 https://registry.npmjs.org/dunder-proto 64ms (cache miss)
1256 silly packumentCache full:https://registry.npmjs.org/dunder-proto set size:undefined disposed:false
1257 silly placeDep ROOT dunder-proto@1.0.1 OK for: get-proto@1.0.1 want: ^1.0.1
1258 silly placeDep ROOT type-fest@0.20.2 OK for: globals@13.24.0 want: ^0.20.2
1259 silly placeDep ROOT array-union@2.1.0 OK for: globby@11.1.0 want: ^2.1.0
1260 silly placeDep ROOT dir-glob@3.0.1 OK for: globby@11.1.0 want: ^3.0.1
1261 silly placeDep ROOT fast-glob@3.3.3 OK for: globby@11.1.0 want: ^3.2.9
1262 silly placeDep ROOT merge2@1.4.1 OK for: globby@11.1.0 want: ^1.4.1
1263 silly placeDep ROOT slash@3.0.0 OK for: globby@11.1.0 want: ^3.0.0
1264 silly fetch manifest path-type@^4.0.0
1265 silly packumentCache full:https://registry.npmjs.org/path-type cache-miss
1266 silly fetch manifest glob-parent@^5.1.2
1267 silly packumentCache full:https://registry.npmjs.org/glob-parent cache-miss
1268 silly fetch manifest merge2@^1.3.0
1269 silly packumentCache full:https://registry.npmjs.org/merge2 cache-miss
1270 http cache https://registry.npmjs.org/merge2 4ms (cache hit)
1271 silly packumentCache full:https://registry.npmjs.org/merge2 set size:46159 disposed:false
1272 http cache https://registry.npmjs.org/glob-parent 5ms (cache hit)
1273 silly packumentCache full:https://registry.npmjs.org/glob-parent set size:42445 disposed:false
1274 http fetch GET 200 https://registry.npmjs.org/path-type 63ms (cache miss)
1275 silly packumentCache full:https://registry.npmjs.org/path-type set size:undefined disposed:false
1276 silly placeDep ROOT path-type@4.0.0 OK for: dir-glob@3.0.1 want: ^4.0.0
1277 silly placeDep node_modules/fast-glob glob-parent@5.1.2 OK for: fast-glob@3.3.3 want: ^5.1.2
1278 silly placeDep ROOT micromatch@4.0.8 OK for: fast-glob@3.3.3 want: ^4.0.8
1279 silly fetch manifest braces@^3.0.3
1280 silly packumentCache full:https://registry.npmjs.org/braces cache-miss
1281 silly fetch manifest picomatch@^2.3.1
1282 silly packumentCache full:https://registry.npmjs.org/picomatch cache-miss
1283 http fetch GET 200 https://registry.npmjs.org/braces 79ms (cache miss)
1284 silly packumentCache full:https://registry.npmjs.org/braces set size:undefined disposed:false
1285 http fetch GET 200 https://registry.npmjs.org/picomatch 116ms (cache miss)
1286 silly packumentCache full:https://registry.npmjs.org/picomatch set size:undefined disposed:false
1287 silly placeDep ROOT agent-base@6.0.2 OK for: https-proxy-agent@5.0.1 want: 6
1288 silly placeDep ROOT parent-module@1.0.1 OK for: import-fresh@3.3.1 want: ^1.0.0
1289 silly placeDep ROOT resolve-from@4.0.0 OK for: import-fresh@3.3.1 want: ^4.0.0
1290 silly fetch manifest callsites@^3.0.0
1291 silly packumentCache full:https://registry.npmjs.org/callsites cache-miss
1292 http fetch GET 200 https://registry.npmjs.org/callsites 75ms (cache miss)
1293 silly packumentCache full:https://registry.npmjs.org/callsites set size:undefined disposed:false
1294 silly placeDep ROOT is-extglob@2.1.1 OK for: is-glob@4.0.3 want: ^2.1.1
1295 silly placeDep ROOT argparse@2.0.1 OK for: js-yaml@4.3.0 want: ^2.0.1
1296 silly placeDep ROOT json-buffer@3.0.1 OK for: keyv@4.5.4 want: 3.0.1
1297 silly placeDep ROOT prelude-ls@1.2.1 OK for: levn@0.4.1 want: ^1.2.1
1298 silly placeDep ROOT type-check@0.4.0 OK for: levn@0.4.1 want: ~0.4.0
1299 silly placeDep ROOT p-locate@5.0.0 OK for: locate-path@6.0.0 want: ^5.0.0
1300 silly fetch manifest p-limit@^3.0.2
1301 silly packumentCache full:https://registry.npmjs.org/p-limit cache-miss
1302 http fetch GET 200 https://registry.npmjs.org/p-limit 98ms (cache miss)
1303 silly packumentCache full:https://registry.npmjs.org/p-limit set size:undefined disposed:false
1304 silly placeDep ROOT yallist@3.1.1 OK for: lru-cache@5.1.1 want: ^3.0.2
1305 silly placeDep ROOT braces@3.0.3 OK for: micromatch@4.0.8 want: ^3.0.3
1306 silly placeDep ROOT picomatch@2.3.2 OK for: micromatch@4.0.8 want: ^2.3.1
1307 silly fetch manifest fill-range@^7.1.1
1308 silly packumentCache full:https://registry.npmjs.org/fill-range cache-miss
1309 http fetch GET 200 https://registry.npmjs.org/fill-range 78ms (cache miss)
1310 silly packumentCache full:https://registry.npmjs.org/fill-range set size:undefined disposed:false
1311 silly placeDep ROOT fill-range@7.1.1 OK for: braces@3.0.3 want: ^7.1.1
1312 silly fetch manifest to-regex-range@^5.0.1
1313 silly packumentCache full:https://registry.npmjs.org/to-regex-range cache-miss
1314 http fetch GET 200 https://registry.npmjs.org/to-regex-range 82ms (cache miss)
1315 silly packumentCache full:https://registry.npmjs.org/to-regex-range set size:undefined disposed:false
1316 silly placeDep ROOT to-regex-range@5.0.1 OK for: fill-range@7.1.1 want: ^5.0.1
1317 silly fetch manifest is-number@^7.0.0
1318 silly packumentCache full:https://registry.npmjs.org/is-number cache-miss
1319 http fetch GET 200 https://registry.npmjs.org/is-number 73ms (cache miss)
1320 silly packumentCache full:https://registry.npmjs.org/is-number set size:undefined disposed:false
1321 silly placeDep ROOT mime-db@1.52.0 OK for: mime-types@2.1.35 want: 1.52.0
1322 silly placeDep ROOT brace-expansion@2.1.4 OK for: minimatch@9.0.9 want: ^2.0.2
1323 silly fetch manifest balanced-match@^1.0.0
1324 silly packumentCache full:https://registry.npmjs.org/balanced-match cache-miss
1325 http fetch GET 200 https://registry.npmjs.org/balanced-match 79ms (cache miss)
1326 silly packumentCache full:https://registry.npmjs.org/balanced-match set size:undefined disposed:false
1327 silly placeDep ROOT balanced-match@1.0.2 OK for: brace-expansion@2.1.4 want: ^1.0.0
1328 silly placeDep ROOT dompurify@3.4.8 OK for: monaco-editor@0.56.0 want: 3.4.8
1329 silly placeDep ROOT marked@14.0.0 OK for: monaco-editor@0.56.0 want: 14.0.0
1330 silly fetch manifest @types/trusted-types@^2.0.7
1331 silly packumentCache full:https://registry.npmjs.org/@types%2ftrusted-types cache-miss
1332 http fetch GET 200 https://registry.npmjs.org/@types%2ftrusted-types 317ms (cache miss)
1333 silly packumentCache full:https://registry.npmjs.org/@types%2ftrusted-types set size:undefined disposed:false
1334 silly placeDep ROOT @types/trusted-types@2.0.7 OK for: dompurify@3.4.8 want: ^2.0.7
1335 silly placeDep ROOT deep-is@0.1.4 OK for: optionator@0.9.4 want: ^0.1.3
1336 silly placeDep ROOT fast-levenshtein@2.0.6 OK for: optionator@0.9.4 want: ^2.0.6
1337 silly placeDep ROOT word-wrap@1.2.5 OK for: optionator@0.9.4 want: ^1.2.5
1338 silly placeDep ROOT p-limit@3.1.0 OK for: p-locate@5.0.0 want: ^3.0.2
1339 silly fetch manifest yocto-queue@^0.1.0
1340 silly packumentCache full:https://registry.npmjs.org/yocto-queue cache-miss
1341 http fetch GET 200 https://registry.npmjs.org/yocto-queue 66ms (cache miss)
1342 silly packumentCache full:https://registry.npmjs.org/yocto-queue set size:undefined disposed:false
1343 silly placeDep ROOT yocto-queue@0.1.0 OK for: p-limit@3.1.0 want: ^0.1.0
1344 silly placeDep ROOT callsites@3.1.0 OK for: parent-module@1.0.1 want: ^3.0.0
1345 silly placeDep ROOT nanoid@3.3.16 OK for: postcss@8.5.25 want: ^3.3.16
1346 silly placeDep ROOT source-map-js@1.2.1 OK for: postcss@8.5.25 want: ^1.2.1
1347 silly placeDep ROOT loose-envify@1.4.0 OK for: react@18.3.1 want: ^1.1.0
1348 silly placeDep ROOT scheduler@0.23.2 OK for: react-dom@18.3.1 want: ^0.23.2
1349 silly fetch manifest react@>=16.8
1350 silly packumentCache full:https://registry.npmjs.org/react cache-miss
1351 http cache https://registry.npmjs.org/react 16ms (cache hit)
1352 silly packumentCache full:https://registry.npmjs.org/react set size:6849402 disposed:false
1353 silly placeDep ROOT @remix-run/router@1.23.3 OK for: react-router-dom@6.30.4 want: 1.23.3
1354 silly placeDep ROOT react-router@6.30.4 OK for: react-router-dom@6.30.4 want: 6.30.4
1355 silly placeDep ROOT glob@7.2.3 OK for: rimraf@3.0.2 want: ^7.1.3
1356 silly fetch manifest once@^1.3.0
1357 silly packumentCache full:https://registry.npmjs.org/once cache-miss
1358 silly fetch manifest inflight@^1.0.4
1359 silly packumentCache full:https://registry.npmjs.org/inflight cache-miss
1360 silly fetch manifest inherits@2
1361 silly packumentCache full:https://registry.npmjs.org/inherits cache-miss
1362 silly fetch manifest minimatch@^3.1.1
1363 silly packumentCache full:https://registry.npmjs.org/minimatch cache-hit
1364 silly fetch manifest fs.realpath@^1.0.0
1365 silly packumentCache full:https://registry.npmjs.org/fs.realpath cache-miss
1366 silly fetch manifest path-is-absolute@^1.0.0
1367 silly packumentCache full:https://registry.npmjs.org/path-is-absolute cache-miss
1368 http fetch GET 200 https://registry.npmjs.org/fs.realpath 74ms (cache miss)
1369 silly packumentCache full:https://registry.npmjs.org/fs.realpath set size:undefined disposed:false
1370 http fetch GET 200 https://registry.npmjs.org/inherits 75ms (cache miss)
1371 silly packumentCache full:https://registry.npmjs.org/inherits set size:undefined disposed:false
1372 http fetch GET 200 https://registry.npmjs.org/inflight 75ms (cache miss)
1373 silly packumentCache full:https://registry.npmjs.org/inflight set size:undefined disposed:false
1374 http fetch GET 200 https://registry.npmjs.org/path-is-absolute 75ms (cache miss)
1375 silly packumentCache full:https://registry.npmjs.org/path-is-absolute set size:undefined disposed:false
1376 http fetch GET 200 https://registry.npmjs.org/once 76ms (cache miss)
1377 silly packumentCache full:https://registry.npmjs.org/once set size:undefined disposed:false
1378 silly placeDep ROOT fs.realpath@1.0.0 OK for: glob@7.2.3 want: ^1.0.0
1379 silly placeDep ROOT inflight@1.0.6 OK for: glob@7.2.3 want: ^1.0.4
1380 silly placeDep ROOT inherits@2.0.4 OK for: glob@7.2.3 want: 2
1381 silly placeDep node_modules/glob minimatch@3.1.5 OK for: glob@7.2.3 want: ^3.1.1
1382 silly placeDep ROOT once@1.4.0 OK for: glob@7.2.3 want: ^1.3.0
1383 silly placeDep ROOT path-is-absolute@1.0.1 OK for: glob@7.2.3 want: ^1.0.0
1384 silly fetch manifest wrappy@1
1385 silly packumentCache full:https://registry.npmjs.org/wrappy cache-miss
1386 silly fetch manifest wrappy@1
1387 silly packumentCache full:https://registry.npmjs.org/wrappy cache-miss
1388 http fetch GET 200 https://registry.npmjs.org/wrappy 61ms (cache miss)
1389 silly packumentCache full:https://registry.npmjs.org/wrappy set size:undefined disposed:false
1390 http fetch GET 200 https://registry.npmjs.org/wrappy 67ms (cache miss)
1391 silly packumentCache full:https://registry.npmjs.org/wrappy set size:undefined disposed:false
1392 silly placeDep ROOT wrappy@1.0.2 OK for: inflight@1.0.6 want: 1
1393 silly placeDep ROOT queue-microtask@1.2.3 OK for: run-parallel@1.2.0 want: ^1.2.2
1394 silly placeDep ROOT shebang-regex@3.0.0 OK for: shebang-command@2.0.0 want: ^3.0.0
1395 silly placeDep ROOT ansi-regex@5.0.1 OK for: strip-ansi@6.0.1 want: ^5.0.1
1396 silly placeDep ROOT has-flag@4.0.0 OK for: supports-color@7.2.0 want: ^4.0.0
1397 silly fetch manifest postcss@^8.4.47
1398 silly packumentCache full:https://registry.npmjs.org/postcss cache-hit
1399 silly fetch manifest tsx@^4.8.1
1400 silly packumentCache full:https://registry.npmjs.org/tsx cache-miss
1401 http fetch GET 200 https://registry.npmjs.org/tsx 85ms (cache miss)
1402 silly packumentCache full:https://registry.npmjs.org/tsx set size:undefined disposed:false
1403 silly fetch manifest yaml@^2.4.2
1404 silly packumentCache full:https://registry.npmjs.org/yaml cache-miss
1405 http fetch GET 200 https://registry.npmjs.org/yaml 125ms (cache miss)
1406 silly packumentCache full:https://registry.npmjs.org/yaml set size:undefined disposed:false
1407 silly placeDep ROOT @alloc/quick-lru@5.2.0 OK for: tailwindcss@3.4.19 want: ^5.2.0
1408 silly placeDep ROOT arg@5.0.2 OK for: tailwindcss@3.4.19 want: ^5.0.2
1409 silly placeDep ROOT chokidar@3.6.0 OK for: tailwindcss@3.4.19 want: ^3.6.0
1410 silly placeDep ROOT didyoumean@1.2.2 OK for: tailwindcss@3.4.19 want: ^1.2.2
1411 silly placeDep ROOT dlv@1.1.3 OK for: tailwindcss@3.4.19 want: ^1.1.3
1412 silly placeDep ROOT jiti@1.21.7 OK for: tailwindcss@3.4.19 want: ^1.21.7
1413 silly placeDep ROOT lilconfig@3.1.3 OK for: tailwindcss@3.4.19 want: ^3.1.3
1414 silly placeDep ROOT normalize-path@3.0.0 OK for: tailwindcss@3.4.19 want: ^3.0.0
1415 silly placeDep ROOT object-hash@3.0.0 OK for: tailwindcss@3.4.19 want: ^3.0.0
1416 silly placeDep ROOT postcss-import@15.1.0 OK for: tailwindcss@3.4.19 want: ^15.1.0
1417 silly placeDep ROOT postcss-js@4.1.0 OK for: tailwindcss@3.4.19 want: ^4.0.1
1418 silly placeDep ROOT postcss-load-config@6.0.1 OK for: tailwindcss@3.4.19 want: ^4.0.2 || ^5.0 || ^6.0
1419 silly placeDep ROOT postcss-nested@6.2.0 OK for: tailwindcss@3.4.19 want: ^6.2.0
1420 silly placeDep ROOT postcss-selector-parser@6.1.4 OK for: tailwindcss@3.4.19 want: ^6.1.2
1421 silly placeDep ROOT resolve@1.22.12 OK for: tailwindcss@3.4.19 want: ^1.22.8
1422 silly placeDep ROOT sucrase@3.35.1 OK for: tailwindcss@3.4.19 want: ^3.35.0
1423 silly fetch manifest anymatch@~3.1.2
1424 silly packumentCache full:https://registry.npmjs.org/anymatch cache-miss
1425 silly fetch manifest readdirp@~3.6.0
1426 silly packumentCache full:https://registry.npmjs.org/readdirp cache-miss
1427 silly fetch manifest glob-parent@~5.1.2
1428 silly packumentCache full:https://registry.npmjs.org/glob-parent cache-hit
1429 silly fetch manifest is-binary-path@~2.1.0
1430 silly packumentCache full:https://registry.npmjs.org/is-binary-path cache-miss
1431 silly fetch manifest normalize-path@~3.0.0
1432 silly packumentCache full:https://registry.npmjs.org/normalize-path cache-miss
1433 silly fetch manifest fsevents@~2.3.2
1434 silly packumentCache full:https://registry.npmjs.org/fsevents cache-miss
1435 silly fetch manifest resolve@^1.1.7
1436 silly packumentCache full:https://registry.npmjs.org/resolve cache-miss
1437 silly fetch manifest read-cache@^1.0.0
1438 silly packumentCache full:https://registry.npmjs.org/read-cache cache-miss
1439 silly fetch manifest camelcase-css@^2.0.1
1440 silly packumentCache full:https://registry.npmjs.org/camelcase-css cache-miss
1441 silly fetch manifest postcss-selector-parser@^6.1.1
1442 silly packumentCache full:https://registry.npmjs.org/postcss-selector-parser cache-miss
1443 http cache https://registry.npmjs.org/resolve 5ms (cache hit)
1444 silly packumentCache full:https://registry.npmjs.org/resolve set size:244568 disposed:false
1445 silly fetch manifest cssesc@^3.0.0
1446 silly packumentCache full:https://registry.npmjs.org/cssesc cache-miss
1447 http cache https://registry.npmjs.org/fsevents 7ms (cache hit)
1448 silly packumentCache full:https://registry.npmjs.org/fsevents set size:182472 disposed:false
1449 silly fetch manifest util-deprecate@^1.0.2
1450 silly packumentCache full:https://registry.npmjs.org/util-deprecate cache-miss
1451 http cache https://registry.npmjs.org/normalize-path 9ms (cache hit)
1452 silly packumentCache full:https://registry.npmjs.org/normalize-path set size:28713 disposed:false
1453 silly fetch manifest path-parse@^1.0.7
1454 silly packumentCache full:https://registry.npmjs.org/path-parse cache-miss
1455 http cache https://registry.npmjs.org/postcss-selector-parser 9ms (cache hit)
1456 silly packumentCache full:https://registry.npmjs.org/postcss-selector-parser set size:193966 disposed:false
1457 silly fetch manifest is-core-module@^2.16.1
1458 silly packumentCache full:https://registry.npmjs.org/is-core-module cache-miss
1459 http fetch GET 200 https://registry.npmjs.org/path-parse 63ms (cache miss)
1460 silly packumentCache full:https://registry.npmjs.org/path-parse set size:undefined disposed:false
1461 silly fetch manifest supports-preserve-symlinks-flag@^1.0.0
1462 silly packumentCache full:https://registry.npmjs.org/supports-preserve-symlinks-flag cache-miss
1463 http fetch GET 200 https://registry.npmjs.org/read-cache 74ms (cache miss)
1464 silly packumentCache full:https://registry.npmjs.org/read-cache set size:undefined disposed:false
1465 silly fetch manifest commander@^4.0.0
1466 silly packumentCache full:https://registry.npmjs.org/commander cache-miss
1467 http fetch GET 200 https://registry.npmjs.org/is-binary-path 74ms (cache miss)
1468 silly packumentCache full:https://registry.npmjs.org/is-binary-path set size:undefined disposed:false
1469 silly fetch manifest lines-and-columns@^1.1.6
1470 silly packumentCache full:https://registry.npmjs.org/lines-and-columns cache-miss
1471 http fetch GET 200 https://registry.npmjs.org/anymatch 76ms (cache miss)
1472 silly packumentCache full:https://registry.npmjs.org/anymatch set size:undefined disposed:false
1473 silly fetch manifest mz@^2.7.0
1474 silly packumentCache full:https://registry.npmjs.org/mz cache-miss
1475 http fetch GET 200 https://registry.npmjs.org/cssesc 75ms (cache miss)
1476 silly packumentCache full:https://registry.npmjs.org/cssesc set size:undefined disposed:false
1477 silly fetch manifest pirates@^4.0.1
1478 silly packumentCache full:https://registry.npmjs.org/pirates cache-miss
1479 http fetch GET 200 https://registry.npmjs.org/util-deprecate 82ms (cache miss)
1480 silly packumentCache full:https://registry.npmjs.org/util-deprecate set size:undefined disposed:false
1481 silly fetch manifest tinyglobby@^0.2.11
1482 silly packumentCache full:https://registry.npmjs.org/tinyglobby cache-miss
1483 http fetch GET 200 https://registry.npmjs.org/readdirp 93ms (cache miss)
1484 silly packumentCache full:https://registry.npmjs.org/readdirp set size:undefined disposed:false
1485 silly fetch manifest ts-interface-checker@^0.1.9
1486 silly packumentCache full:https://registry.npmjs.org/ts-interface-checker cache-miss
1487 http fetch GET 200 https://registry.npmjs.org/is-core-module 91ms (cache miss)
1488 silly packumentCache full:https://registry.npmjs.org/is-core-module set size:undefined disposed:false
1489 http fetch GET 200 https://registry.npmjs.org/supports-preserve-symlinks-flag 69ms (cache miss)
1490 silly packumentCache full:https://registry.npmjs.org/supports-preserve-symlinks-flag set size:undefined disposed:false
1491 http fetch GET 200 https://registry.npmjs.org/mz 67ms (cache miss)
1492 silly packumentCache full:https://registry.npmjs.org/mz set size:undefined disposed:false
1493 http fetch GET 200 https://registry.npmjs.org/pirates 72ms (cache miss)
1494 silly packumentCache full:https://registry.npmjs.org/pirates set size:undefined disposed:false
1495 http fetch GET 200 https://registry.npmjs.org/tinyglobby 70ms (cache miss)
1496 silly packumentCache full:https://registry.npmjs.org/tinyglobby set size:undefined disposed:false
1497 http fetch GET 200 https://registry.npmjs.org/ts-interface-checker 85ms (cache miss)
1498 silly packumentCache full:https://registry.npmjs.org/ts-interface-checker set size:undefined disposed:false
1499 http fetch GET 200 https://registry.npmjs.org/lines-and-columns 104ms (cache miss)
1500 silly packumentCache full:https://registry.npmjs.org/lines-and-columns set size:undefined disposed:false
1501 http fetch GET 200 https://registry.npmjs.org/commander 132ms (cache miss)
1502 silly packumentCache full:https://registry.npmjs.org/commander set size:undefined disposed:false
1503 http fetch GET 200 https://registry.npmjs.org/camelcase-css 317ms (cache miss)
1504 silly packumentCache full:https://registry.npmjs.org/camelcase-css set size:undefined disposed:false
1505 silly placeDep ROOT anymatch@3.1.3 OK for: chokidar@3.6.0 want: ~3.1.2
1506 silly placeDep ROOT fsevents@2.3.3 OK for: chokidar@3.6.0 want: ~2.3.2
1507 silly placeDep node_modules/chokidar glob-parent@5.1.2 OK for: chokidar@3.6.0 want: ~5.1.2
1508 silly placeDep ROOT is-binary-path@2.1.0 OK for: chokidar@3.6.0 want: ~2.1.0
1509 silly placeDep ROOT readdirp@3.6.0 OK for: chokidar@3.6.0 want: ~3.6.0
1510 silly fetch manifest binary-extensions@^2.0.0
1511 silly packumentCache full:https://registry.npmjs.org/binary-extensions cache-miss
1512 http fetch GET 200 https://registry.npmjs.org/binary-extensions 80ms (cache miss)
1513 silly packumentCache full:https://registry.npmjs.org/binary-extensions set size:undefined disposed:false
1514 silly placeDep ROOT binary-extensions@2.3.0 OK for: is-binary-path@2.1.0 want: ^2.0.0
1515 silly placeDep ROOT read-cache@1.0.0 OK for: postcss-import@15.1.0 want: ^1.0.0
1516 silly fetch manifest pify@^2.3.0
1517 silly packumentCache full:https://registry.npmjs.org/pify cache-miss
1518 http fetch GET 200 https://registry.npmjs.org/pify 71ms (cache miss)
1519 silly packumentCache full:https://registry.npmjs.org/pify set size:undefined disposed:false
1520 silly placeDep ROOT camelcase-css@2.0.1 OK for: postcss-js@4.1.0 want: ^2.0.1
1521 silly placeDep ROOT cssesc@3.0.0 OK for: postcss-selector-parser@6.1.4 want: ^3.0.0
1522 silly placeDep ROOT util-deprecate@1.0.2 OK for: postcss-selector-parser@6.1.4 want: ^1.0.2
1523 silly placeDep ROOT pify@2.3.0 OK for: read-cache@1.0.0 want: ^2.3.0
1524 silly placeDep ROOT is-core-module@2.16.2 OK for: resolve@1.22.12 want: ^2.16.1
1525 silly placeDep ROOT path-parse@1.0.7 OK for: resolve@1.22.12 want: ^1.0.7
1526 silly placeDep ROOT supports-preserve-symlinks-flag@1.0.0 OK for: resolve@1.22.12 want: ^1.0.0
1527 silly placeDep ROOT commander@4.1.1 OK for: sucrase@3.35.1 want: ^4.0.0
1528 silly placeDep ROOT lines-and-columns@1.2.4 OK for: sucrase@3.35.1 want: ^1.1.6
1529 silly placeDep ROOT mz@2.7.0 OK for: sucrase@3.35.1 want: ^2.7.0
1530 silly placeDep ROOT pirates@4.0.7 OK for: sucrase@3.35.1 want: ^4.0.1
1531 silly placeDep ROOT tinyglobby@0.2.17 OK for: sucrase@3.35.1 want: ^0.2.11
1532 silly placeDep ROOT ts-interface-checker@0.1.13 OK for: sucrase@3.35.1 want: ^0.1.9
1533 silly fetch manifest any-promise@^1.0.0
1534 silly packumentCache full:https://registry.npmjs.org/any-promise cache-miss
1535 silly fetch manifest object-assign@^4.0.1
1536 silly packumentCache full:https://registry.npmjs.org/object-assign cache-miss
1537 silly fetch manifest thenify-all@^1.0.0
1538 silly packumentCache full:https://registry.npmjs.org/thenify-all cache-miss
1539 silly fetch manifest fdir@^6.5.0
1540 silly packumentCache full:https://registry.npmjs.org/fdir cache-miss
1541 silly fetch manifest picomatch@^4.0.4
1542 silly packumentCache full:https://registry.npmjs.org/picomatch cache-miss
1543 http cache https://registry.npmjs.org/picomatch 5ms (cache hit)
1544 silly packumentCache full:https://registry.npmjs.org/picomatch set size:128942 disposed:false
1545 http fetch GET 200 https://registry.npmjs.org/thenify-all 79ms (cache miss)
1546 silly packumentCache full:https://registry.npmjs.org/thenify-all set size:undefined disposed:false
1547 http fetch GET 200 https://registry.npmjs.org/object-assign 82ms (cache miss)
1548 silly packumentCache full:https://registry.npmjs.org/object-assign set size:undefined disposed:false
1549 http fetch GET 200 https://registry.npmjs.org/fdir 136ms (cache miss)
1550 silly packumentCache full:https://registry.npmjs.org/fdir set size:undefined disposed:false
1551 http fetch GET 200 https://registry.npmjs.org/any-promise 321ms (cache miss)
1552 silly packumentCache full:https://registry.npmjs.org/any-promise set size:undefined disposed:false
1553 silly placeDep ROOT any-promise@1.3.0 OK for: mz@2.7.0 want: ^1.0.0
1554 silly placeDep ROOT object-assign@4.1.1 OK for: mz@2.7.0 want: ^4.0.1
1555 silly placeDep ROOT thenify-all@1.6.0 OK for: mz@2.7.0 want: ^1.0.0
1556 silly fetch manifest thenify@>= 3.1.0 < 4
1557 silly packumentCache full:https://registry.npmjs.org/thenify cache-miss
1558 http fetch GET 200 https://registry.npmjs.org/thenify 78ms (cache miss)
1559 silly packumentCache full:https://registry.npmjs.org/thenify set size:undefined disposed:false
1560 silly placeDep ROOT thenify@3.3.1 OK for: thenify-all@1.6.0 want: >= 3.1.0 < 4
1561 silly placeDep node_modules/tinyglobby fdir@6.5.0 OK for: tinyglobby@0.2.17 want: ^6.5.0
1562 silly placeDep node_modules/tinyglobby picomatch@4.0.5 OK for: fdir@6.5.0 want: ^3 || ^4
1563 silly placeDep ROOT is-number@7.0.0 OK for: to-regex-range@5.0.1 want: ^7.0.0
1564 silly placeDep ROOT escalade@3.2.0 OK for: update-browserslist-db@1.2.3 want: ^3.2.0
1565 silly placeDep ROOT punycode@2.3.1 OK for: uri-js@4.4.1 want: ^2.1.0
1566 silly placeDep ROOT esbuild@0.21.5 OK for: vite@5.4.21 want: ^0.21.3
1567 silly placeDep ROOT rollup@4.62.3 OK for: vite@5.4.21 want: ^4.20.0
1568 silly fetch manifest @esbuild/aix-ppc64@0.21.5
1569 silly packumentCache full:https://registry.npmjs.org/@esbuild%2faix-ppc64 cache-miss
1570 silly fetch manifest @esbuild/linux-arm@0.21.5
1571 silly packumentCache full:https://registry.npmjs.org/@esbuild%2flinux-arm cache-miss
1572 silly fetch manifest @esbuild/linux-x64@0.21.5
1573 silly packumentCache full:https://registry.npmjs.org/@esbuild%2flinux-x64 cache-miss
1574 silly fetch manifest @esbuild/sunos-x64@0.21.5
1575 silly packumentCache full:https://registry.npmjs.org/@esbuild%2fsunos-x64 cache-miss
1576 silly fetch manifest @esbuild/win32-x64@0.21.5
1577 silly packumentCache full:https://registry.npmjs.org/@esbuild%2fwin32-x64 cache-miss
1578 silly fetch manifest @esbuild/darwin-x64@0.21.5
1579 silly packumentCache full:https://registry.npmjs.org/@esbuild%2fdarwin-x64 cache-miss
1580 silly fetch manifest @esbuild/linux-ia32@0.21.5
1581 silly packumentCache full:https://registry.npmjs.org/@esbuild%2flinux-ia32 cache-miss
1582 silly fetch manifest @esbuild/netbsd-x64@0.21.5
1583 silly packumentCache full:https://registry.npmjs.org/@esbuild%2fnetbsd-x64 cache-miss
1584 silly fetch manifest @esbuild/win32-ia32@0.21.5
1585 silly packumentCache full:https://registry.npmjs.org/@esbuild%2fwin32-ia32 cache-miss
1586 http fetch GET 200 https://registry.npmjs.org/@esbuild%2faix-ppc64 86ms (cache miss)
1587 silly packumentCache full:https://registry.npmjs.org/@esbuild%2faix-ppc64 set size:undefined disposed:false
1588 silly fetch manifest @esbuild/android-arm@0.21.5
1589 silly packumentCache full:https://registry.npmjs.org/@esbuild%2fandroid-arm cache-miss
1590 http fetch GET 200 https://registry.npmjs.org/@esbuild%2fwin32-x64 123ms (cache miss)
1591 silly packumentCache full:https://registry.npmjs.org/@esbuild%2fwin32-x64 set size:undefined disposed:false
1592 silly fetch manifest @esbuild/android-x64@0.21.5
1593 silly packumentCache full:https://registry.npmjs.org/@esbuild%2fandroid-x64 cache-miss
1594 http fetch GET 200 https://registry.npmjs.org/@esbuild%2fnetbsd-x64 127ms (cache miss)
1595 silly packumentCache full:https://registry.npmjs.org/@esbuild%2fnetbsd-x64 set size:undefined disposed:false
1596 silly fetch manifest @esbuild/freebsd-x64@0.21.5
1597 silly packumentCache full:https://registry.npmjs.org/@esbuild%2ffreebsd-x64 cache-miss
1598 http fetch GET 200 https://registry.npmjs.org/@esbuild%2flinux-x64 132ms (cache miss)
1599 silly packumentCache full:https://registry.npmjs.org/@esbuild%2flinux-x64 set size:undefined disposed:false
1600 silly fetch manifest @esbuild/linux-arm64@0.21.5
1601 silly packumentCache full:https://registry.npmjs.org/@esbuild%2flinux-arm64 cache-miss
1602 http fetch GET 200 https://registry.npmjs.org/@esbuild%2flinux-ia32 174ms (cache miss)
1603 silly packumentCache full:https://registry.npmjs.org/@esbuild%2flinux-ia32 set size:undefined disposed:false
1604 silly fetch manifest @esbuild/linux-ppc64@0.21.5
1605 silly packumentCache full:https://registry.npmjs.org/@esbuild%2flinux-ppc64 cache-miss
1606 http fetch GET 200 https://registry.npmjs.org/@esbuild%2fandroid-arm 119ms (cache miss)
1607 silly packumentCache full:https://registry.npmjs.org/@esbuild%2fandroid-arm set size:undefined disposed:false
1608 silly fetch manifest @esbuild/linux-s390x@0.21.5
1609 silly packumentCache full:https://registry.npmjs.org/@esbuild%2flinux-s390x cache-miss
1610 http fetch GET 200 https://registry.npmjs.org/@esbuild%2flinux-arm64 109ms (cache miss)
1611 silly packumentCache full:https://registry.npmjs.org/@esbuild%2flinux-arm64 set size:undefined disposed:false
1612 silly fetch manifest @esbuild/openbsd-x64@0.21.5
1613 silly packumentCache full:https://registry.npmjs.org/@esbuild%2fopenbsd-x64 cache-miss
1614 http fetch GET 200 https://registry.npmjs.org/@esbuild%2flinux-ppc64 167ms (cache miss)
1615 silly packumentCache full:https://registry.npmjs.org/@esbuild%2flinux-ppc64 set size:undefined disposed:false
1616 silly fetch manifest @esbuild/win32-arm64@0.21.5
1617 silly packumentCache full:https://registry.npmjs.org/@esbuild%2fwin32-arm64 cache-miss
1618 http fetch GET 200 https://registry.npmjs.org/@esbuild%2fopenbsd-x64 117ms (cache miss)
1619 silly packumentCache full:https://registry.npmjs.org/@esbuild%2fopenbsd-x64 set size:undefined disposed:false
1620 silly fetch manifest @esbuild/darwin-arm64@0.21.5
1621 silly packumentCache full:https://registry.npmjs.org/@esbuild%2fdarwin-arm64 cache-miss
1622 http fetch GET 200 https://registry.npmjs.org/@esbuild%2fwin32-ia32 378ms (cache miss)
1623 silly packumentCache full:https://registry.npmjs.org/@esbuild%2fwin32-ia32 set size:undefined disposed:false
1624 silly fetch manifest @esbuild/android-arm64@0.21.5
1625 silly packumentCache full:https://registry.npmjs.org/@esbuild%2fandroid-arm64 cache-miss
1626 http fetch GET 200 https://registry.npmjs.org/@esbuild%2fdarwin-x64 396ms (cache miss)
1627 silly packumentCache full:https://registry.npmjs.org/@esbuild%2fdarwin-x64 set size:undefined disposed:false
1628 silly fetch manifest @esbuild/freebsd-arm64@0.21.5
1629 silly packumentCache full:https://registry.npmjs.org/@esbuild%2ffreebsd-arm64 cache-miss
1630 http fetch GET 200 https://registry.npmjs.org/@esbuild%2flinux-arm 421ms (cache miss)
1631 silly packumentCache full:https://registry.npmjs.org/@esbuild%2flinux-arm set size:undefined disposed:false
1632 silly fetch manifest @esbuild/linux-loong64@0.21.5
1633 silly packumentCache full:https://registry.npmjs.org/@esbuild%2flinux-loong64 cache-miss
1634 http fetch GET 200 https://registry.npmjs.org/@esbuild%2ffreebsd-x64 324ms (cache miss)
1635 silly packumentCache full:https://registry.npmjs.org/@esbuild%2ffreebsd-x64 set size:undefined disposed:false
1636 silly fetch manifest @esbuild/linux-riscv64@0.21.5
1637 silly packumentCache full:https://registry.npmjs.org/@esbuild%2flinux-riscv64 cache-miss
1638 http fetch GET 200 https://registry.npmjs.org/@esbuild%2fandroid-x64 331ms (cache miss)
1639 silly packumentCache full:https://registry.npmjs.org/@esbuild%2fandroid-x64 set size:undefined disposed:false
1640 silly fetch manifest @esbuild/linux-mips64el@0.21.5
1641 silly packumentCache full:https://registry.npmjs.org/@esbuild%2flinux-mips64el cache-miss
1642 http fetch GET 200 https://registry.npmjs.org/@esbuild%2fdarwin-arm64 112ms (cache miss)
1643 silly packumentCache full:https://registry.npmjs.org/@esbuild%2fdarwin-arm64 set size:undefined disposed:false
1644 silly fetch manifest @types/estree@1.0.9
1645 silly packumentCache full:https://registry.npmjs.org/@types%2festree cache-miss
1646 http fetch GET 200 https://registry.npmjs.org/@esbuild%2fwin32-arm64 180ms (cache miss)
1647 silly packumentCache full:https://registry.npmjs.org/@esbuild%2fwin32-arm64 set size:undefined disposed:false
1648 silly fetch manifest @rollup/rollup-darwin-x64@4.62.3
1649 silly packumentCache full:https://registry.npmjs.org/@rollup%2frollup-darwin-x64 cache-miss
1650 http fetch GET 200 https://registry.npmjs.org/@esbuild%2fandroid-arm64 168ms (cache miss)
1651 silly packumentCache full:https://registry.npmjs.org/@esbuild%2fandroid-arm64 set size:undefined disposed:false
1652 silly fetch manifest @rollup/rollup-freebsd-x64@4.62.3
1653 silly packumentCache full:https://registry.npmjs.org/@rollup%2frollup-freebsd-x64 cache-miss
1654 http fetch GET 200 https://registry.npmjs.org/@types%2festree 89ms (cache miss)
1655 silly packumentCache full:https://registry.npmjs.org/@types%2festree set size:undefined disposed:false
1656 silly fetch manifest @rollup/rollup-openbsd-x64@4.62.3
1657 silly packumentCache full:https://registry.npmjs.org/@rollup%2frollup-openbsd-x64 cache-miss
1658 http fetch GET 200 https://registry.npmjs.org/@esbuild%2flinux-riscv64 122ms (cache miss)
1659 silly packumentCache full:https://registry.npmjs.org/@esbuild%2flinux-riscv64 set size:undefined disposed:false
1660 silly fetch manifest @rollup/rollup-darwin-arm64@4.62.3
1661 silly packumentCache full:https://registry.npmjs.org/@rollup%2frollup-darwin-arm64 cache-miss
1662 http fetch GET 200 https://registry.npmjs.org/@esbuild%2flinux-mips64el 124ms (cache miss)
1663 silly packumentCache full:https://registry.npmjs.org/@esbuild%2flinux-mips64el set size:undefined disposed:false
1664 silly fetch manifest @rollup/rollup-android-arm64@4.62.3
1665 silly packumentCache full:https://registry.npmjs.org/@rollup%2frollup-android-arm64 cache-miss
1666 http fetch GET 200 https://registry.npmjs.org/@esbuild%2flinux-loong64 176ms (cache miss)
1667 silly packumentCache full:https://registry.npmjs.org/@esbuild%2flinux-loong64 set size:undefined disposed:false
1668 silly fetch manifest @rollup/rollup-freebsd-arm64@4.62.3
1669 silly packumentCache full:https://registry.npmjs.org/@rollup%2frollup-freebsd-arm64 cache-miss
1670 http fetch GET 200 https://registry.npmjs.org/@rollup%2frollup-freebsd-x64 152ms (cache miss)
1671 silly packumentCache full:https://registry.npmjs.org/@rollup%2frollup-freebsd-x64 set size:undefined disposed:false
1672 silly fetch manifest @rollup/rollup-linux-x64-gnu@4.62.3
1673 silly packumentCache full:https://registry.npmjs.org/@rollup%2frollup-linux-x64-gnu cache-miss
1674 http fetch GET 200 https://registry.npmjs.org/@rollup%2frollup-android-arm64 137ms (cache miss)
1675 silly packumentCache full:https://registry.npmjs.org/@rollup%2frollup-android-arm64 set size:undefined disposed:false
1676 silly fetch manifest @rollup/rollup-win32-x64-gnu@4.62.3
1677 silly packumentCache full:https://registry.npmjs.org/@rollup%2frollup-win32-x64-gnu cache-miss
1678 http fetch GET 200 https://registry.npmjs.org/@rollup%2frollup-darwin-arm64 142ms (cache miss)
1679 silly packumentCache full:https://registry.npmjs.org/@rollup%2frollup-darwin-arm64 set size:undefined disposed:false
1680 silly fetch manifest @rollup/rollup-linux-x64-musl@4.62.3
1681 silly packumentCache full:https://registry.npmjs.org/@rollup%2frollup-linux-x64-musl cache-miss
1682 http fetch GET 200 https://registry.npmjs.org/@rollup%2frollup-darwin-x64 197ms (cache miss)
1683 silly packumentCache full:https://registry.npmjs.org/@rollup%2frollup-darwin-x64 set size:undefined disposed:false
1684 silly fetch manifest @rollup/rollup-win32-x64-msvc@4.62.3
1685 silly packumentCache full:https://registry.npmjs.org/@rollup%2frollup-win32-x64-msvc cache-miss
1686 http fetch GET 200 https://registry.npmjs.org/@esbuild%2ffreebsd-arm64 382ms (cache miss)
1687 silly packumentCache full:https://registry.npmjs.org/@esbuild%2ffreebsd-arm64 set size:undefined disposed:false
1688 silly fetch manifest @rollup/rollup-linux-arm64-gnu@4.62.3
1689 silly packumentCache full:https://registry.npmjs.org/@rollup%2frollup-linux-arm64-gnu cache-miss
1690 http fetch GET 200 https://registry.npmjs.org/@rollup%2frollup-win32-x64-gnu 103ms (cache miss)
1691 silly packumentCache full:https://registry.npmjs.org/@rollup%2frollup-win32-x64-gnu set size:undefined disposed:false
1692 silly fetch manifest @rollup/rollup-linux-ppc64-gnu@4.62.3
1693 silly packumentCache full:https://registry.npmjs.org/@rollup%2frollup-linux-ppc64-gnu cache-miss
1694 http fetch GET 200 https://registry.npmjs.org/@rollup%2frollup-linux-x64-gnu 137ms (cache miss)
1695 silly packumentCache full:https://registry.npmjs.org/@rollup%2frollup-linux-x64-gnu set size:undefined disposed:false
1696 silly fetch manifest @rollup/rollup-linux-s390x-gnu@4.62.3
1697 silly packumentCache full:https://registry.npmjs.org/@rollup%2frollup-linux-s390x-gnu cache-miss
1698 http fetch GET 200 https://registry.npmjs.org/@rollup%2frollup-linux-x64-musl 131ms (cache miss)
1699 silly packumentCache full:https://registry.npmjs.org/@rollup%2frollup-linux-x64-musl set size:undefined disposed:false
1700 silly fetch manifest @rollup/rollup-win32-ia32-msvc@4.62.3
1701 silly packumentCache full:https://registry.npmjs.org/@rollup%2frollup-win32-ia32-msvc cache-miss
1702 http fetch GET 200 https://registry.npmjs.org/@rollup%2frollup-win32-x64-msvc 131ms (cache miss)
1703 silly packumentCache full:https://registry.npmjs.org/@rollup%2frollup-win32-x64-msvc set size:undefined disposed:false
1704 silly fetch manifest @rollup/rollup-android-arm-eabi@4.62.3
1705 silly packumentCache full:https://registry.npmjs.org/@rollup%2frollup-android-arm-eabi cache-miss
1706 http fetch GET 200 https://registry.npmjs.org/@esbuild%2flinux-s390x 650ms (cache miss)
1707 silly packumentCache full:https://registry.npmjs.org/@esbuild%2flinux-s390x set size:undefined disposed:false
1708 silly fetch manifest @rollup/rollup-linux-arm64-musl@4.62.3
1709 silly packumentCache full:https://registry.npmjs.org/@rollup%2frollup-linux-arm64-musl cache-miss
1710 http fetch GET 200 https://registry.npmjs.org/@esbuild%2fsunos-x64 876ms (cache miss)
1711 silly packumentCache full:https://registry.npmjs.org/@esbuild%2fsunos-x64 set size:undefined disposed:false
1712 silly fetch manifest @rollup/rollup-linux-ppc64-musl@4.62.3
1713 silly packumentCache full:https://registry.npmjs.org/@rollup%2frollup-linux-ppc64-musl cache-miss
1714 http fetch GET 200 https://registry.npmjs.org/@rollup%2frollup-linux-arm64-gnu 142ms (cache miss)
1715 silly packumentCache full:https://registry.npmjs.org/@rollup%2frollup-linux-arm64-gnu set size:undefined disposed:false
1716 silly fetch manifest @rollup/rollup-win32-arm64-msvc@4.62.3
1717 silly packumentCache full:https://registry.npmjs.org/@rollup%2frollup-win32-arm64-msvc cache-miss
1718 http fetch GET 200 https://registry.npmjs.org/@rollup%2frollup-openbsd-x64 357ms (cache miss)
1719 silly packumentCache full:https://registry.npmjs.org/@rollup%2frollup-openbsd-x64 set size:undefined disposed:false
1720 silly fetch manifest @rollup/rollup-linux-loong64-gnu@4.62.3
1721 silly packumentCache full:https://registry.npmjs.org/@rollup%2frollup-linux-loong64-gnu cache-miss
1722 http fetch GET 200 https://registry.npmjs.org/@rollup%2frollup-linux-ppc64-gnu 107ms (cache miss)
1723 silly packumentCache full:https://registry.npmjs.org/@rollup%2frollup-linux-ppc64-gnu set size:undefined disposed:false
1724 silly fetch manifest @rollup/rollup-linux-riscv64-gnu@4.62.3
1725 silly packumentCache full:https://registry.npmjs.org/@rollup%2frollup-linux-riscv64-gnu cache-miss
1726 http fetch GET 200 https://registry.npmjs.org/@rollup%2frollup-linux-ppc64-musl 76ms (cache miss)
1727 silly packumentCache full:https://registry.npmjs.org/@rollup%2frollup-linux-ppc64-musl set size:undefined disposed:false
1728 silly fetch manifest @rollup/rollup-openharmony-arm64@4.62.3
1729 silly packumentCache full:https://registry.npmjs.org/@rollup%2frollup-openharmony-arm64 cache-miss
1730 http fetch GET 200 https://registry.npmjs.org/@rollup%2frollup-freebsd-arm64 362ms (cache miss)
1731 silly packumentCache full:https://registry.npmjs.org/@rollup%2frollup-freebsd-arm64 set size:undefined disposed:false
1732 silly fetch manifest @rollup/rollup-linux-loong64-musl@4.62.3
1733 silly packumentCache full:https://registry.npmjs.org/@rollup%2frollup-linux-loong64-musl cache-miss
1734 http fetch GET 200 https://registry.npmjs.org/@rollup%2frollup-android-arm-eabi 135ms (cache miss)
1735 silly packumentCache full:https://registry.npmjs.org/@rollup%2frollup-android-arm-eabi set size:undefined disposed:false
1736 silly fetch manifest @rollup/rollup-linux-riscv64-musl@4.62.3
1737 silly packumentCache full:https://registry.npmjs.org/@rollup%2frollup-linux-riscv64-musl cache-miss
1738 http fetch GET 200 https://registry.npmjs.org/@rollup%2frollup-linux-arm64-musl 138ms (cache miss)
1739 silly packumentCache full:https://registry.npmjs.org/@rollup%2frollup-linux-arm64-musl set size:undefined disposed:false
1740 silly fetch manifest @rollup/rollup-linux-arm-gnueabihf@4.62.3
1741 silly packumentCache full:https://registry.npmjs.org/@rollup%2frollup-linux-arm-gnueabihf cache-miss
1742 http fetch GET 200 https://registry.npmjs.org/@rollup%2frollup-win32-ia32-msvc 148ms (cache miss)
1743 silly packumentCache full:https://registry.npmjs.org/@rollup%2frollup-win32-ia32-msvc set size:undefined disposed:false
1744 silly fetch manifest @rollup/rollup-linux-arm-musleabihf@4.62.3
1745 silly packumentCache full:https://registry.npmjs.org/@rollup%2frollup-linux-arm-musleabihf cache-miss
1746 http fetch GET 200 https://registry.npmjs.org/@rollup%2frollup-linux-loong64-gnu 91ms (cache miss)
1747 silly packumentCache full:https://registry.npmjs.org/@rollup%2frollup-linux-loong64-gnu set size:undefined disposed:false
1748 http fetch GET 200 https://registry.npmjs.org/@rollup%2frollup-openharmony-arm64 79ms (cache miss)
1749 silly packumentCache full:https://registry.npmjs.org/@rollup%2frollup-openharmony-arm64 set size:undefined disposed:false
1750 http fetch GET 200 https://registry.npmjs.org/@rollup%2frollup-linux-loong64-musl 85ms (cache miss)
1751 silly packumentCache full:https://registry.npmjs.org/@rollup%2frollup-linux-loong64-musl set size:undefined disposed:false
1752 http fetch GET 200 https://registry.npmjs.org/@rollup%2frollup-win32-arm64-msvc 137ms (cache miss)
1753 silly packumentCache full:https://registry.npmjs.org/@rollup%2frollup-win32-arm64-msvc set size:undefined disposed:false
1754 http fetch GET 200 https://registry.npmjs.org/@rollup%2frollup-linux-arm-musleabihf 125ms (cache miss)
1755 silly packumentCache full:https://registry.npmjs.org/@rollup%2frollup-linux-arm-musleabihf set size:undefined disposed:false
1756 http fetch GET 200 https://registry.npmjs.org/@rollup%2frollup-linux-arm-gnueabihf 135ms (cache miss)
1757 silly packumentCache full:https://registry.npmjs.org/@rollup%2frollup-linux-arm-gnueabihf set size:undefined disposed:false
1758 http fetch GET 200 https://registry.npmjs.org/@rollup%2frollup-linux-riscv64-musl 344ms (cache miss)
1759 silly packumentCache full:https://registry.npmjs.org/@rollup%2frollup-linux-riscv64-musl set size:undefined disposed:false
1760 http fetch GET 200 https://registry.npmjs.org/@rollup%2frollup-linux-riscv64-gnu 452ms (cache miss)
1761 silly packumentCache full:https://registry.npmjs.org/@rollup%2frollup-linux-riscv64-gnu set size:undefined disposed:false
1762 http fetch GET 200 https://registry.npmjs.org/@rollup%2frollup-linux-s390x-gnu 572ms (cache miss)
1763 silly packumentCache full:https://registry.npmjs.org/@rollup%2frollup-linux-s390x-gnu set size:undefined disposed:false
1764 silly placeDep ROOT @esbuild/aix-ppc64@0.21.5 OK for: esbuild@0.21.5 want: 0.21.5
1765 silly placeDep ROOT @esbuild/android-arm@0.21.5 OK for: esbuild@0.21.5 want: 0.21.5
1766 silly placeDep ROOT @esbuild/android-arm64@0.21.5 OK for: esbuild@0.21.5 want: 0.21.5
1767 silly placeDep ROOT @esbuild/android-x64@0.21.5 OK for: esbuild@0.21.5 want: 0.21.5
1768 silly placeDep ROOT @esbuild/darwin-arm64@0.21.5 OK for: esbuild@0.21.5 want: 0.21.5
1769 silly placeDep ROOT @esbuild/darwin-x64@0.21.5 OK for: esbuild@0.21.5 want: 0.21.5
1770 silly placeDep ROOT @esbuild/freebsd-arm64@0.21.5 OK for: esbuild@0.21.5 want: 0.21.5
1771 silly placeDep ROOT @esbuild/freebsd-x64@0.21.5 OK for: esbuild@0.21.5 want: 0.21.5
1772 silly placeDep ROOT @esbuild/linux-arm@0.21.5 OK for: esbuild@0.21.5 want: 0.21.5
1773 silly placeDep ROOT @esbuild/linux-arm64@0.21.5 OK for: esbuild@0.21.5 want: 0.21.5
1774 silly placeDep ROOT @esbuild/linux-ia32@0.21.5 OK for: esbuild@0.21.5 want: 0.21.5
1775 silly placeDep ROOT @esbuild/linux-loong64@0.21.5 OK for: esbuild@0.21.5 want: 0.21.5
1776 silly placeDep ROOT @esbuild/linux-mips64el@0.21.5 OK for: esbuild@0.21.5 want: 0.21.5
1777 silly placeDep ROOT @esbuild/linux-ppc64@0.21.5 OK for: esbuild@0.21.5 want: 0.21.5
1778 silly placeDep ROOT @esbuild/linux-riscv64@0.21.5 OK for: esbuild@0.21.5 want: 0.21.5
1779 silly placeDep ROOT @esbuild/linux-s390x@0.21.5 OK for: esbuild@0.21.5 want: 0.21.5
1780 silly placeDep ROOT @esbuild/linux-x64@0.21.5 OK for: esbuild@0.21.5 want: 0.21.5
1781 silly placeDep ROOT @esbuild/netbsd-x64@0.21.5 OK for: esbuild@0.21.5 want: 0.21.5
1782 silly placeDep ROOT @esbuild/openbsd-x64@0.21.5 OK for: esbuild@0.21.5 want: 0.21.5
1783 silly placeDep ROOT @esbuild/sunos-x64@0.21.5 OK for: esbuild@0.21.5 want: 0.21.5
1784 silly placeDep ROOT @esbuild/win32-arm64@0.21.5 OK for: esbuild@0.21.5 want: 0.21.5
1785 silly placeDep ROOT @esbuild/win32-ia32@0.21.5 OK for: esbuild@0.21.5 want: 0.21.5
1786 silly placeDep ROOT @esbuild/win32-x64@0.21.5 OK for: esbuild@0.21.5 want: 0.21.5
1787 silly placeDep ROOT @rollup/rollup-android-arm-eabi@4.62.3 OK for: rollup@4.62.3 want: 4.62.3
1788 silly placeDep ROOT @rollup/rollup-android-arm64@4.62.3 OK for: rollup@4.62.3 want: 4.62.3
1789 silly placeDep ROOT @rollup/rollup-darwin-arm64@4.62.3 OK for: rollup@4.62.3 want: 4.62.3
1790 silly placeDep ROOT @rollup/rollup-darwin-x64@4.62.3 OK for: rollup@4.62.3 want: 4.62.3
1791 silly placeDep ROOT @rollup/rollup-freebsd-arm64@4.62.3 OK for: rollup@4.62.3 want: 4.62.3
1792 silly placeDep ROOT @rollup/rollup-freebsd-x64@4.62.3 OK for: rollup@4.62.3 want: 4.62.3
1793 silly placeDep ROOT @rollup/rollup-linux-arm-gnueabihf@4.62.3 OK for: rollup@4.62.3 want: 4.62.3
1794 silly placeDep ROOT @rollup/rollup-linux-arm-musleabihf@4.62.3 OK for: rollup@4.62.3 want: 4.62.3
1795 silly placeDep ROOT @rollup/rollup-linux-arm64-gnu@4.62.3 OK for: rollup@4.62.3 want: 4.62.3
1796 silly placeDep ROOT @rollup/rollup-linux-arm64-musl@4.62.3 OK for: rollup@4.62.3 want: 4.62.3
1797 silly placeDep ROOT @rollup/rollup-linux-loong64-gnu@4.62.3 OK for: rollup@4.62.3 want: 4.62.3
1798 silly placeDep ROOT @rollup/rollup-linux-loong64-musl@4.62.3 OK for: rollup@4.62.3 want: 4.62.3
1799 silly placeDep ROOT @rollup/rollup-linux-ppc64-gnu@4.62.3 OK for: rollup@4.62.3 want: 4.62.3
1800 silly placeDep ROOT @rollup/rollup-linux-ppc64-musl@4.62.3 OK for: rollup@4.62.3 want: 4.62.3
1801 silly placeDep ROOT @rollup/rollup-linux-riscv64-gnu@4.62.3 OK for: rollup@4.62.3 want: 4.62.3
1802 silly placeDep ROOT @rollup/rollup-linux-riscv64-musl@4.62.3 OK for: rollup@4.62.3 want: 4.62.3
1803 silly placeDep ROOT @rollup/rollup-linux-s390x-gnu@4.62.3 OK for: rollup@4.62.3 want: 4.62.3
1804 silly placeDep ROOT @rollup/rollup-linux-x64-gnu@4.62.3 OK for: rollup@4.62.3 want: 4.62.3
1805 silly placeDep ROOT @rollup/rollup-linux-x64-musl@4.62.3 OK for: rollup@4.62.3 want: 4.62.3
1806 silly placeDep ROOT @rollup/rollup-openbsd-x64@4.62.3 OK for: rollup@4.62.3 want: 4.62.3
1807 silly placeDep ROOT @rollup/rollup-openharmony-arm64@4.62.3 OK for: rollup@4.62.3 want: 4.62.3
1808 silly placeDep ROOT @rollup/rollup-win32-arm64-msvc@4.62.3 OK for: rollup@4.62.3 want: 4.62.3
1809 silly placeDep ROOT @rollup/rollup-win32-ia32-msvc@4.62.3 OK for: rollup@4.62.3 want: 4.62.3
1810 silly placeDep ROOT @rollup/rollup-win32-x64-gnu@4.62.3 OK for: rollup@4.62.3 want: 4.62.3
1811 silly placeDep ROOT @rollup/rollup-win32-x64-msvc@4.62.3 OK for: rollup@4.62.3 want: 4.62.3
1812 silly placeDep ROOT @types/estree@1.0.9 OK for: rollup@4.62.3 want: 1.0.9
1813 silly placeDep ROOT isexe@2.0.0 OK for: which@2.0.2 want: ^2.0.0
1814 silly placeDep node_modules/@eslint/eslintrc brace-expansion@1.1.18 OK for: minimatch@3.1.5 want: ^1.1.7
1815 silly fetch manifest concat-map@0.0.1
1816 silly packumentCache full:https://registry.npmjs.org/concat-map cache-miss
1817 http fetch GET 200 https://registry.npmjs.org/concat-map 76ms (cache miss)
1818 silly packumentCache full:https://registry.npmjs.org/concat-map set size:undefined disposed:false
1819 silly placeDep ROOT concat-map@0.0.1 OK for: brace-expansion@1.1.18 want: 0.0.1
1820 silly placeDep node_modules/@humanwhocodes/config-array brace-expansion@1.1.18 OK for: minimatch@3.1.5 want: ^1.1.7
1821 silly placeDep node_modules/eslint brace-expansion@1.1.18 OK for: minimatch@3.1.5 want: ^1.1.7
1822 silly placeDep node_modules/glob brace-expansion@1.1.18 OK for: minimatch@3.1.5 want: ^1.1.7
1823 silly reify moves {}
1824 silly audit bulk request {
1824 silly audit   '@monaco-editor/react': [ '4.7.0' ],
1824 silly audit   react: [ '18.3.1' ],
1824 silly audit   'react-dom': [ '18.3.1' ],
1824 silly audit   'monaco-editor': [ '0.56.0' ],
1824 silly audit   '@tanstack/react-query': [ '5.101.4' ],
1824 silly audit   '@types/react': [ '18.3.31' ],
1824 silly audit   '@types/react-dom': [ '18.3.7' ],
1824 silly audit   '@typescript-eslint/eslint-plugin': [ '7.18.0' ],
1824 silly audit   eslint: [ '8.57.1' ],
1824 silly audit   '@typescript-eslint/parser': [ '7.18.0' ],
1824 silly audit   '@vitejs/plugin-react': [ '4.7.0' ],
1824 silly audit   vite: [ '5.4.21' ],
1824 silly audit   autoprefixer: [ '10.5.4' ],
1824 silly audit   postcss: [ '8.5.25' ],
1824 silly audit   axios: [ '1.19.0' ],
1824 silly audit   'eslint-plugin-react-hooks': [ '4.6.2' ],
1824 silly audit   'eslint-plugin-react-refresh': [ '0.4.26' ],
1824 silly audit   'lucide-react': [ '0.364.0' ],
1824 silly audit   'react-hook-form': [ '7.83.0' ],
1824 silly audit   'react-router-dom': [ '6.30.4' ],
1824 silly audit   tailwindcss: [ '3.4.19' ],
1824 silly audit   typescript: [ '5.9.3' ],
1824 silly audit   '@monaco-editor/loader': [ '1.7.0' ],
1824 silly audit   'state-local': [ '1.0.7' ],
1824 silly audit   '@tanstack/query-core': [ '5.101.4' ],
1824 silly audit   '@types/prop-types': [ '15.7.15' ],
1824 silly audit   csstype: [ '3.2.3' ],
1824 silly audit   '@eslint-community/regexpp': [ '4.12.2' ],
1824 silly audit   '@typescript-eslint/scope-manager': [ '7.18.0' ],
1824 silly audit   '@typescript-eslint/type-utils': [ '7.18.0' ],
1824 silly audit   '@typescript-eslint/utils': [ '7.18.0' ],
1824 silly audit   '@typescript-eslint/visitor-keys': [ '7.18.0' ],
1824 silly audit   graphemer: [ '1.4.0' ],
1824 silly audit   ignore: [ '5.3.2' ],
1824 silly audit   'natural-compare': [ '1.4.0' ],
1824 silly audit   'ts-api-utils': [ '1.4.3' ],
1824 silly audit   '@typescript-eslint/types': [ '7.18.0' ],
1824 silly audit   '@typescript-eslint/typescript-estree': [ '7.18.0' ],
1824 silly audit   debug: [ '4.4.3' ],
1824 silly audit   globby: [ '11.1.0' ],
1824 silly audit   'is-glob': [ '4.0.3' ],
1824 silly audit   minimatch: [ '9.0.9', '3.1.5' ],
1824 silly audit   semver: [ '7.8.5', '6.3.1' ],
1824 silly audit   '@eslint-community/eslint-utils': [ '4.10.1' ],
1824 silly audit   'eslint-visitor-keys': [ '3.4.3' ],
1824 silly audit   '@babel/core': [ '7.29.7' ],
1824 silly audit   '@babel/plugin-transform-react-jsx-self': [ '7.29.7' ],
1824 silly audit   '@babel/plugin-transform-react-jsx-source': [ '7.29.7' ],
1824 silly audit   '@rolldown/pluginutils': [ '1.0.0-beta.27' ],
1824 silly audit   '@types/babel__core': [ '7.20.5' ],
1824 silly audit   'react-refresh': [ '0.17.0' ],
1824 silly audit   '@babel/code-frame': [ '7.29.7' ],
1824 silly audit   '@babel/generator': [ '7.29.7' ],
1824 silly audit   '@babel/helper-compilation-targets': [ '7.29.7' ],
1824 silly audit   '@babel/helper-module-transforms': [ '7.29.7' ],
1824 silly audit   '@babel/helpers': [ '7.29.7' ],
1824 silly audit   '@babel/parser': [ '7.29.7' ],
1824 silly audit   '@babel/template': [ '7.29.7' ],
1824 silly audit   '@babel/traverse': [ '7.29.7' ],
1824 silly audit   '@babel/types': [ '7.29.7' ],
1824 silly audit   '@jridgewell/remapping': [ '2.3.5' ],
1824 silly audit   'convert-source-map': [ '2.0.0' ],
1824 silly audit   gensync: [ '1.0.0-beta.2' ],
1824 silly audit   json5: [ '2.2.3' ],
1824 silly audit   '@babel/helper-validator-identifier': [ '7.29.7' ],
1824 silly audit   'js-tokens': [ '4.0.0' ],
1824 silly audit   picocolors: [ '1.1.1' ],
1824 silly audit   '@jridgewell/gen-mapping': [ '0.3.13' ],
1824 silly audit   '@jridgewell/trace-mapping': [ '0.3.31' ],
1824 silly audit   jsesc: [ '3.1.0' ],
1824 silly audit   '@babel/compat-data': [ '7.29.7' ],
1824 silly audit   '@babel/helper-validator-option': [ '7.29.7' ],
1824 silly audit   browserslist: [ '4.28.7' ],
1824 silly audit   'lru-cache': [ '5.1.1' ],
1824 silly audit   '@babel/helper-module-imports': [ '7.29.7' ],
1824 silly audit   '@babel/helper-plugin-utils': [ '7.29.7' ],
1824 silly audit   '@babel/helper-globals': [ '7.29.7' ],
1824 silly audit   '@babel/helper-string-parser': [ '7.29.7' ],
1824 silly audit   '@jridgewell/sourcemap-codec': [ '1.5.5' ],
1824 silly audit   '@jridgewell/resolve-uri': [ '3.1.2' ],
1824 silly audit   '@types/babel__generator': [ '7.27.0' ],
1824 silly audit   '@types/babel__template': [ '7.4.4' ],
1824 silly audit   '@types/babel__traverse': [ '7.28.0' ],
1824 silly audit   'caniuse-lite': [ '1.0.30001806' ],
1824 silly audit   'fraction.js': [ '5.3.4' ],
1824 silly audit   'postcss-value-parser': [ '4.2.0' ],
1824 silly audit   'follow-redirects': [ '1.16.0' ],
1824 silly audit   'form-data': [ '4.0.6' ],
1824 silly audit   'https-proxy-agent': [ '5.0.1' ],
1824 silly audit   'proxy-from-env': [ '2.1.0' ],
1824 silly audit   'baseline-browser-mapping': [ '2.11.8' ],
1824 silly audit   'electron-to-chromium': [ '1.5.398' ],
1824 silly audit   'node-releases': [ '2.0.51' ],
1824 silly audit   'update-browserslist-db': [ '1.2.3' ],
1824 silly audit   ms: [ '2.1.3' ],
1824 silly audit   '@eslint/eslintrc': [ '2.1.4' ],
1824 silly audit   '@eslint/js': [ '8.57.1' ],
1824 silly audit   '@humanwhocodes/config-array': [ '0.13.0' ],
1824 silly audit   '@humanwhocodes/module-importer': [ '1.0.1' ],
1824 silly audit   '@nodelib/fs.walk': [ '1.2.8' ],
1824 silly audit   '@ungap/structured-clone': [ '1.3.3' ],
1824 silly audit   ajv: [ '6.15.0' ],
1824 silly audit   chalk: [ '4.1.2' ],
1824 silly audit   'cross-spawn': [ '7.0.6' ],
1824 silly audit   doctrine: [ '3.0.0' ],
1824 silly audit   'escape-string-regexp': [ '4.0.0' ],
1824 silly audit   'eslint-scope': [ '7.2.2' ],
1824 silly audit   espree: [ '9.6.1' ],
1824 silly audit   esquery: [ '1.7.0' ],
1824 silly audit   esutils: [ '2.0.3' ],
1824 silly audit   'fast-deep-equal': [ '3.1.3' ],
1824 silly audit   'file-entry-cache': [ '6.0.1' ],
1824 silly audit   'find-up': [ '5.0.0' ],
1824 silly audit   'glob-parent': [ '6.0.2', '5.1.2' ],
1824 silly audit   globals: [ '13.24.0' ],
1824 silly audit   imurmurhash: [ '0.1.4' ],
1824 silly audit   'is-path-inside': [ '3.0.3' ],
1824 silly audit   'js-yaml': [ '4.3.0' ],
1824 silly audit   'json-stable-stringify-without-jsonify': [ '1.0.1' ],
1824 silly audit   levn: [ '0.4.1' ],
1824 silly audit   'lodash.merge': [ '4.6.2' ],
1824 silly audit   optionator: [ '0.9.4' ],
1824 silly audit   'strip-ansi': [ '6.0.1' ],
1824 silly audit   'text-table': [ '0.2.0' ],
1824 silly audit   'import-fresh': [ '3.3.1' ],
1824 silly audit   'strip-json-comments': [ '3.1.1' ],
1824 silly audit   '@humanwhocodes/object-schema': [ '2.0.3' ],
1824 silly audit   '@nodelib/fs.scandir': [ '2.1.5' ],
1824 silly audit   fastq: [ '1.20.1' ],
1824 silly audit   '@nodelib/fs.stat': [ '2.0.5' ],
1824 silly audit   'run-parallel': [ '1.2.0' ],
1824 silly audit   'fast-json-stable-stringify': [ '2.1.0' ],
1824 silly audit   'json-schema-traverse': [ '0.4.1' ],
1824 silly audit   'uri-js': [ '4.4.1' ],
1824 silly audit   'ansi-styles': [ '4.3.0' ],
1824 silly audit   'supports-color': [ '7.2.0' ],
1824 silly audit   'color-convert': [ '2.0.1' ],
1824 silly audit   'color-name': [ '1.1.4' ],
1824 silly audit   'path-key': [ '3.1.1' ],
1824 silly audit   'shebang-command': [ '2.0.0' ],
1824 silly audit   which: [ '2.0.2' ],
1824 silly audit   esrecurse: [ '4.3.0' ],
1824 silly audit   estraverse: [ '5.3.0' ],
1824 silly audit   acorn: [ '8.18.0' ],
1824 silly audit   'acorn-jsx': [ '5.3.2' ],
1824 silly audit   reusify: [ '1.1.0' ],
1824 silly audit   'flat-cache': [ '3.2.0' ],
1824 silly audit   'locate-path': [ '6.0.0' ],
1824 silly audit   'path-exists': [ '4.0.0' ],
1824 silly audit   flatted: [ '3.4.4' ],
1824 silly audit   keyv: [ '4.5.4' ],
1824 silly audit   rimraf: [ '3.0.2' ],
1824 silly audit   asynckit: [ '0.4.0' ],
1824 silly audit   'combined-stream': [ '1.0.8' ],
1824 silly audit   'es-set-tostringtag': [ '2.1.0' ],
1824 silly audit   hasown: [ '2.0.4' ],
1824 silly audit   'mime-types': [ '2.1.35' ],
1824 silly audit   'delayed-stream': [ '1.0.0' ],
1824 silly audit   'es-errors': [ '1.3.0' ],
1824 silly audit   'get-intrinsic': [ '1.3.0' ],
1824 silly audit   'has-tostringtag': [ '1.0.2' ],
1824 silly audit   'call-bind-apply-helpers': [ '1.0.2' ],
1824 silly audit   'es-define-property': [ '1.0.1' ],
1824 silly audit   'es-object-atoms': [ '1.1.2' ],
1824 silly audit   'function-bind': [ '1.1.2' ],
1824 silly audit   'get-proto': [ '1.0.1' ],
1824 silly audit   gopd: [ '1.2.0' ],
1824 silly audit   'has-symbols': [ '1.1.0' ],
1824 silly audit   'math-intrinsics': [ '1.1.0' ],
1824 silly audit   'dunder-proto': [ '1.0.1' ],
1824 silly audit   'type-fest': [ '0.20.2' ],
1824 silly audit   'array-union': [ '2.1.0' ],
1824 silly audit   'dir-glob': [ '3.0.1' ],
1824 silly audit   'fast-glob': [ '3.3.3' ],
1824 silly audit   merge2: [ '1.4.1' ],
1824 silly audit   slash: [ '3.0.0' ],
1824 silly audit   'path-type': [ '4.0.0' ],
1824 silly audit   micromatch: [ '4.0.8' ],
1824 silly audit   'agent-base': [ '6.0.2' ],
1824 silly audit   'parent-module': [ '1.0.1' ],
1824 silly audit   'resolve-from': [ '4.0.0' ],
1824 silly audit   'is-extglob': [ '2.1.1' ],
1824 silly audit   argparse: [ '2.0.1' ],
1824 silly audit   'json-buffer': [ '3.0.1' ],
1824 silly audit   'prelude-ls': [ '1.2.1' ],
1824 silly audit   'type-check': [ '0.4.0' ],
1824 silly audit   'p-locate': [ '5.0.0' ],
1824 silly audit   yallist: [ '3.1.1' ],
1824 silly audit   braces: [ '3.0.3' ],
1824 silly audit   picomatch: [ '2.3.2', '4.0.5' ],
1824 silly audit   'fill-range': [ '7.1.1' ],
1824 silly audit   'to-regex-range': [ '5.0.1' ],
1824 silly audit   'mime-db': [ '1.52.0' ],
1824 silly audit   'brace-expansion': [ '2.1.4', '1.1.18' ],
1824 silly audit   'balanced-match': [ '1.0.2' ],
1824 silly audit   dompurify: [ '3.4.8' ],
1824 silly audit   marked: [ '14.0.0' ],
1824 silly audit   '@types/trusted-types': [ '2.0.7' ],
1824 silly audit   'deep-is': [ '0.1.4' ],
1824 silly audit   'fast-levenshtein': [ '2.0.6' ],
1824 silly audit   'word-wrap': [ '1.2.5' ],
1824 silly audit   'p-limit': [ '3.1.0' ],
1824 silly audit   'yocto-queue': [ '0.1.0' ],
1824 silly audit   callsites: [ '3.1.0' ],
1824 silly audit   nanoid: [ '3.3.16' ],
1824 silly audit   'source-map-js': [ '1.2.1' ],
1824 silly audit   'loose-envify': [ '1.4.0' ],
1824 silly audit   scheduler: [ '0.23.2' ],
1824 silly audit   '@remix-run/router': [ '1.23.3' ],
1824 silly audit   'react-router': [ '6.30.4' ],
1824 silly audit   glob: [ '7.2.3' ],
1824 silly audit   'fs.realpath': [ '1.0.0' ],
1824 silly audit   inflight: [ '1.0.6' ],
1824 silly audit   inherits: [ '2.0.4' ],
1824 silly audit   once: [ '1.4.0' ],
1824 silly audit   'path-is-absolute': [ '1.0.1' ],
1824 silly audit   wrappy: [ '1.0.2' ],
1824 silly audit   'queue-microtask': [ '1.2.3' ],
1824 silly audit   'shebang-regex': [ '3.0.0' ],
1824 silly audit   'ansi-regex': [ '5.0.1' ],
1824 silly audit   'has-flag': [ '4.0.0' ],
1824 silly audit   '@alloc/quick-lru': [ '5.2.0' ],
1824 silly audit   arg: [ '5.0.2' ],
1824 silly audit   chokidar: [ '3.6.0' ],
1824 silly audit   didyoumean: [ '1.2.2' ],
1824 silly audit   dlv: [ '1.1.3' ],
1824 silly audit   jiti: [ '1.21.7' ],
1824 silly audit   lilconfig: [ '3.1.3' ],
1824 silly audit   'normalize-path': [ '3.0.0' ],
1824 silly audit   'object-hash': [ '3.0.0' ],
1824 silly audit   'postcss-import': [ '15.1.0' ],
1824 silly audit   'postcss-js': [ '4.1.0' ],
1824 silly audit   'postcss-load-config': [ '6.0.1' ],
1824 silly audit   'postcss-nested': [ '6.2.0' ],
1824 silly audit   'postcss-selector-parser': [ '6.1.4' ],
1824 silly audit   resolve: [ '1.22.12' ],
1824 silly audit   sucrase: [ '3.35.1' ],
1824 silly audit   anymatch: [ '3.1.3' ],
1824 silly audit   fsevents: [ '2.3.3' ],
1824 silly audit   'is-binary-path': [ '2.1.0' ],
1824 silly audit   readdirp: [ '3.6.0' ],
1824 silly audit   'binary-extensions': [ '2.3.0' ],
1824 silly audit   'read-cache': [ '1.0.0' ],
1824 silly audit   'camelcase-css': [ '2.0.1' ],
1824 silly audit   cssesc: [ '3.0.0' ],
1824 silly audit   'util-deprecate': [ '1.0.2' ],
1824 silly audit   pify: [ '2.3.0' ],
1824 silly audit   'is-core-module': [ '2.16.2' ],
1824 silly audit   'path-parse': [ '1.0.7' ],
1824 silly audit   'supports-preserve-symlinks-flag': [ '1.0.0' ],
1824 silly audit   commander: [ '4.1.1' ],
1824 silly audit   'lines-and-columns': [ '1.2.4' ],
1824 silly audit   mz: [ '2.7.0' ],
1824 silly audit   pirates: [ '4.0.7' ],
1824 silly audit   tinyglobby: [ '0.2.17' ],
1824 silly audit   'ts-interface-checker': [ '0.1.13' ],
1824 silly audit   'any-promise': [ '1.3.0' ],
1824 silly audit   'object-assign': [ '4.1.1' ],
1824 silly audit   'thenify-all': [ '1.6.0' ],
1824 silly audit   thenify: [ '3.3.1' ],
1824 silly audit   fdir: [ '6.5.0' ],
1824 silly audit   'is-number': [ '7.0.0' ],
1824 silly audit   escalade: [ '3.2.0' ],
1824 silly audit   punycode: [ '2.3.1' ],
1824 silly audit   esbuild: [ '0.21.5' ],
1824 silly audit   rollup: [ '4.62.3' ],
1824 silly audit   '@esbuild/aix-ppc64': [ '0.21.5' ],
1824 silly audit   '@esbuild/android-arm': [ '0.21.5' ],
1824 silly audit   '@esbuild/android-arm64': [ '0.21.5' ],
1824 silly audit   '@esbuild/android-x64': [ '0.21.5' ],
1824 silly audit   '@esbuild/darwin-arm64': [ '0.21.5' ],
1824 silly audit   '@esbuild/darwin-x64': [ '0.21.5' ],
1824 silly audit   '@esbuild/freebsd-arm64': [ '0.21.5' ],
1824 silly audit   '@esbuild/freebsd-x64': [ '0.21.5' ],
1824 silly audit   '@esbuild/linux-arm': [ '0.21.5' ],
1824 silly audit   '@esbuild/linux-arm64': [ '0.21.5' ],
1824 silly audit   '@esbuild/linux-ia32': [ '0.21.5' ],
1824 silly audit   '@esbuild/linux-loong64': [ '0.21.5' ],
1824 silly audit   '@esbuild/linux-mips64el': [ '0.21.5' ],
1824 silly audit   '@esbuild/linux-ppc64': [ '0.21.5' ],
1824 silly audit   '@esbuild/linux-riscv64': [ '0.21.5' ],
1824 silly audit   '@esbuild/linux-s390x': [ '0.21.5' ],
1824 silly audit   '@esbuild/linux-x64': [ '0.21.5' ],
1824 silly audit   '@esbuild/netbsd-x64': [ '0.21.5' ],
1824 silly audit   '@esbuild/openbsd-x64': [ '0.21.5' ],
1824 silly audit   '@esbuild/sunos-x64': [ '0.21.5' ],
1824 silly audit   '@esbuild/win32-arm64': [ '0.21.5' ],
1824 silly audit   '@esbuild/win32-ia32': [ '0.21.5' ],
1824 silly audit   '@esbuild/win32-x64': [ '0.21.5' ],
1824 silly audit   '@rollup/rollup-android-arm-eabi': [ '4.62.3' ],
1824 silly audit   '@rollup/rollup-android-arm64': [ '4.62.3' ],
1824 silly audit   '@rollup/rollup-darwin-arm64': [ '4.62.3' ],
1824 silly audit   '@rollup/rollup-darwin-x64': [ '4.62.3' ],
1824 silly audit   '@rollup/rollup-freebsd-arm64': [ '4.62.3' ],
1824 silly audit   '@rollup/rollup-freebsd-x64': [ '4.62.3' ],
1824 silly audit   '@rollup/rollup-linux-arm-gnueabihf': [ '4.62.3' ],
1824 silly audit   '@rollup/rollup-linux-arm-musleabihf': [ '4.62.3' ],
1824 silly audit   '@rollup/rollup-linux-arm64-gnu': [ '4.62.3' ],
1824 silly audit   '@rollup/rollup-linux-arm64-musl': [ '4.62.3' ],
1824 silly audit   '@rollup/rollup-linux-loong64-gnu': [ '4.62.3' ],
1824 silly audit   '@rollup/rollup-linux-loong64-musl': [ '4.62.3' ],
1824 silly audit   '@rollup/rollup-linux-ppc64-gnu': [ '4.62.3' ],
1824 silly audit   '@rollup/rollup-linux-ppc64-musl': [ '4.62.3' ],
1824 silly audit   '@rollup/rollup-linux-riscv64-gnu': [ '4.62.3' ],
1824 silly audit   '@rollup/rollup-linux-riscv64-musl': [ '4.62.3' ],
1824 silly audit   '@rollup/rollup-linux-s390x-gnu': [ '4.62.3' ],
1824 silly audit   '@rollup/rollup-linux-x64-gnu': [ '4.62.3' ],
1824 silly audit   '@rollup/rollup-linux-x64-musl': [ '4.62.3' ],
1824 silly audit   '@rollup/rollup-openbsd-x64': [ '4.62.3' ],
1824 silly audit   '@rollup/rollup-openharmony-arm64': [ '4.62.3' ],
1824 silly audit   '@rollup/rollup-win32-arm64-msvc': [ '4.62.3' ],
1824 silly audit   '@rollup/rollup-win32-ia32-msvc': [ '4.62.3' ],
1824 silly audit   '@rollup/rollup-win32-x64-gnu': [ '4.62.3' ],
1824 silly audit   '@rollup/rollup-win32-x64-msvc': [ '4.62.3' ],
1824 silly audit   '@types/estree': [ '1.0.9' ],
1824 silly audit   isexe: [ '2.0.0' ],
1824 silly audit   'concat-map': [ '0.0.1' ]
1824 silly audit }
1825 verbose reify failed optional dependency /Users/sachingopalakrishnan/PasteBin/pasteflow/frontend/node_modules/@rollup/rollup-win32-x64-msvc
1826 silly reify mark deleted [
1826 silly reify   '/Users/sachingopalakrishnan/PasteBin/pasteflow/frontend/node_modules/@rollup/rollup-win32-x64-msvc'
1826 silly reify ]
1827 verbose reify failed optional dependency /Users/sachingopalakrishnan/PasteBin/pasteflow/frontend/node_modules/@rollup/rollup-win32-x64-gnu
1828 silly reify mark deleted [
1828 silly reify   '/Users/sachingopalakrishnan/PasteBin/pasteflow/frontend/node_modules/@rollup/rollup-win32-x64-gnu'
1828 silly reify ]
1829 verbose reify failed optional dependency /Users/sachingopalakrishnan/PasteBin/pasteflow/frontend/node_modules/@rollup/rollup-win32-ia32-msvc
1830 silly reify mark deleted [
1830 silly reify   '/Users/sachingopalakrishnan/PasteBin/pasteflow/frontend/node_modules/@rollup/rollup-win32-ia32-msvc'
1830 silly reify ]
1831 verbose reify failed optional dependency /Users/sachingopalakrishnan/PasteBin/pasteflow/frontend/node_modules/@rollup/rollup-win32-arm64-msvc
1832 silly reify mark deleted [
1832 silly reify   '/Users/sachingopalakrishnan/PasteBin/pasteflow/frontend/node_modules/@rollup/rollup-win32-arm64-msvc'
1832 silly reify ]
1833 verbose reify failed optional dependency /Users/sachingopalakrishnan/PasteBin/pasteflow/frontend/node_modules/@rollup/rollup-openharmony-arm64
1834 silly reify mark deleted [
1834 silly reify   '/Users/sachingopalakrishnan/PasteBin/pasteflow/frontend/node_modules/@rollup/rollup-openharmony-arm64'
1834 silly reify ]
1835 verbose reify failed optional dependency /Users/sachingopalakrishnan/PasteBin/pasteflow/frontend/node_modules/@rollup/rollup-openbsd-x64
1836 silly reify mark deleted [
1836 silly reify   '/Users/sachingopalakrishnan/PasteBin/pasteflow/frontend/node_modules/@rollup/rollup-openbsd-x64'
1836 silly reify ]
1837 verbose reify failed optional dependency /Users/sachingopalakrishnan/PasteBin/pasteflow/frontend/node_modules/@rollup/rollup-linux-x64-musl
1838 silly reify mark deleted [
1838 silly reify   '/Users/sachingopalakrishnan/PasteBin/pasteflow/frontend/node_modules/@rollup/rollup-linux-x64-musl'
1838 silly reify ]
1839 verbose reify failed optional dependency /Users/sachingopalakrishnan/PasteBin/pasteflow/frontend/node_modules/@rollup/rollup-linux-x64-gnu
1840 silly reify mark deleted [
1840 silly reify   '/Users/sachingopalakrishnan/PasteBin/pasteflow/frontend/node_modules/@rollup/rollup-linux-x64-gnu'
1840 silly reify ]
1841 verbose reify failed optional dependency /Users/sachingopalakrishnan/PasteBin/pasteflow/frontend/node_modules/@rollup/rollup-linux-s390x-gnu
1842 silly reify mark deleted [
1842 silly reify   '/Users/sachingopalakrishnan/PasteBin/pasteflow/frontend/node_modules/@rollup/rollup-linux-s390x-gnu'
1842 silly reify ]
1843 verbose reify failed optional dependency /Users/sachingopalakrishnan/PasteBin/pasteflow/frontend/node_modules/@rollup/rollup-linux-riscv64-musl
1844 silly reify mark deleted [
1844 silly reify   '/Users/sachingopalakrishnan/PasteBin/pasteflow/frontend/node_modules/@rollup/rollup-linux-riscv64-musl'
1844 silly reify ]
1845 verbose reify failed optional dependency /Users/sachingopalakrishnan/PasteBin/pasteflow/frontend/node_modules/@rollup/rollup-linux-riscv64-gnu
1846 silly reify mark deleted [
1846 silly reify   '/Users/sachingopalakrishnan/PasteBin/pasteflow/frontend/node_modules/@rollup/rollup-linux-riscv64-gnu'
1846 silly reify ]
1847 verbose reify failed optional dependency /Users/sachingopalakrishnan/PasteBin/pasteflow/frontend/node_modules/@rollup/rollup-linux-ppc64-musl
1848 silly reify mark deleted [
1848 silly reify   '/Users/sachingopalakrishnan/PasteBin/pasteflow/frontend/node_modules/@rollup/rollup-linux-ppc64-musl'
1848 silly reify ]
1849 verbose reify failed optional dependency /Users/sachingopalakrishnan/PasteBin/pasteflow/frontend/node_modules/@rollup/rollup-linux-ppc64-gnu
1850 silly reify mark deleted [
1850 silly reify   '/Users/sachingopalakrishnan/PasteBin/pasteflow/frontend/node_modules/@rollup/rollup-linux-ppc64-gnu'
1850 silly reify ]
1851 verbose reify failed optional dependency /Users/sachingopalakrishnan/PasteBin/pasteflow/frontend/node_modules/@rollup/rollup-linux-loong64-musl
1852 silly reify mark deleted [
1852 silly reify   '/Users/sachingopalakrishnan/PasteBin/pasteflow/frontend/node_modules/@rollup/rollup-linux-loong64-musl'
1852 silly reify ]
1853 verbose reify failed optional dependency /Users/sachingopalakrishnan/PasteBin/pasteflow/frontend/node_modules/@rollup/rollup-linux-loong64-gnu
1854 silly reify mark deleted [
1854 silly reify   '/Users/sachingopalakrishnan/PasteBin/pasteflow/frontend/node_modules/@rollup/rollup-linux-loong64-gnu'
1854 silly reify ]
1855 verbose reify failed optional dependency /Users/sachingopalakrishnan/PasteBin/pasteflow/frontend/node_modules/@rollup/rollup-linux-arm64-musl
1856 silly reify mark deleted [
1856 silly reify   '/Users/sachingopalakrishnan/PasteBin/pasteflow/frontend/node_modules/@rollup/rollup-linux-arm64-musl'
1856 silly reify ]
1857 verbose reify failed optional dependency /Users/sachingopalakrishnan/PasteBin/pasteflow/frontend/node_modules/@rollup/rollup-linux-arm64-gnu
1858 silly reify mark deleted [
1858 silly reify   '/Users/sachingopalakrishnan/PasteBin/pasteflow/frontend/node_modules/@rollup/rollup-linux-arm64-gnu'
1858 silly reify ]
1859 verbose reify failed optional dependency /Users/sachingopalakrishnan/PasteBin/pasteflow/frontend/node_modules/@rollup/rollup-linux-arm-musleabihf
1860 silly reify mark deleted [
1860 silly reify   '/Users/sachingopalakrishnan/PasteBin/pasteflow/frontend/node_modules/@rollup/rollup-linux-arm-musleabihf'
1860 silly reify ]
1861 verbose reify failed optional dependency /Users/sachingopalakrishnan/PasteBin/pasteflow/frontend/node_modules/@rollup/rollup-linux-arm-gnueabihf
1862 silly reify mark deleted [
1862 silly reify   '/Users/sachingopalakrishnan/PasteBin/pasteflow/frontend/node_modules/@rollup/rollup-linux-arm-gnueabihf'
1862 silly reify ]
1863 verbose reify failed optional dependency /Users/sachingopalakrishnan/PasteBin/pasteflow/frontend/node_modules/@rollup/rollup-freebsd-x64
1864 silly reify mark deleted [
1864 silly reify   '/Users/sachingopalakrishnan/PasteBin/pasteflow/frontend/node_modules/@rollup/rollup-freebsd-x64'
1864 silly reify ]
1865 verbose reify failed optional dependency /Users/sachingopalakrishnan/PasteBin/pasteflow/frontend/node_modules/@rollup/rollup-freebsd-arm64
1866 silly reify mark deleted [
1866 silly reify   '/Users/sachingopalakrishnan/PasteBin/pasteflow/frontend/node_modules/@rollup/rollup-freebsd-arm64'
1866 silly reify ]
1867 verbose reify failed optional dependency /Users/sachingopalakrishnan/PasteBin/pasteflow/frontend/node_modules/@rollup/rollup-darwin-x64
1868 silly reify mark deleted [
1868 silly reify   '/Users/sachingopalakrishnan/PasteBin/pasteflow/frontend/node_modules/@rollup/rollup-darwin-x64'
1868 silly reify ]
1869 verbose reify failed optional dependency /Users/sachingopalakrishnan/PasteBin/pasteflow/frontend/node_modules/@rollup/rollup-android-arm64
1870 silly reify mark deleted [
1870 silly reify   '/Users/sachingopalakrishnan/PasteBin/pasteflow/frontend/node_modules/@rollup/rollup-android-arm64'
1870 silly reify ]
1871 verbose reify failed optional dependency /Users/sachingopalakrishnan/PasteBin/pasteflow/frontend/node_modules/@rollup/rollup-android-arm-eabi
1872 silly reify mark deleted [
1872 silly reify   '/Users/sachingopalakrishnan/PasteBin/pasteflow/frontend/node_modules/@rollup/rollup-android-arm-eabi'
1872 silly reify ]
1873 verbose reify failed optional dependency /Users/sachingopalakrishnan/PasteBin/pasteflow/frontend/node_modules/@esbuild/win32-x64
1874 silly reify mark deleted [
1874 silly reify   '/Users/sachingopalakrishnan/PasteBin/pasteflow/frontend/node_modules/@esbuild/win32-x64'
1874 silly reify ]
1875 verbose reify failed optional dependency /Users/sachingopalakrishnan/PasteBin/pasteflow/frontend/node_modules/@esbuild/win32-ia32
1876 silly reify mark deleted [
1876 silly reify   '/Users/sachingopalakrishnan/PasteBin/pasteflow/frontend/node_modules/@esbuild/win32-ia32'
1876 silly reify ]
1877 verbose reify failed optional dependency /Users/sachingopalakrishnan/PasteBin/pasteflow/frontend/node_modules/@esbuild/win32-arm64
1878 silly reify mark deleted [
1878 silly reify   '/Users/sachingopalakrishnan/PasteBin/pasteflow/frontend/node_modules/@esbuild/win32-arm64'
1878 silly reify ]
1879 verbose reify failed optional dependency /Users/sachingopalakrishnan/PasteBin/pasteflow/frontend/node_modules/@esbuild/sunos-x64
1880 silly reify mark deleted [
1880 silly reify   '/Users/sachingopalakrishnan/PasteBin/pasteflow/frontend/node_modules/@esbuild/sunos-x64'
1880 silly reify ]
1881 verbose reify failed optional dependency /Users/sachingopalakrishnan/PasteBin/pasteflow/frontend/node_modules/@esbuild/openbsd-x64
1882 silly reify mark deleted [
1882 silly reify   '/Users/sachingopalakrishnan/PasteBin/pasteflow/frontend/node_modules/@esbuild/openbsd-x64'
1882 silly reify ]
1883 verbose reify failed optional dependency /Users/sachingopalakrishnan/PasteBin/pasteflow/frontend/node_modules/@esbuild/netbsd-x64
1884 silly reify mark deleted [
1884 silly reify   '/Users/sachingopalakrishnan/PasteBin/pasteflow/frontend/node_modules/@esbuild/netbsd-x64'
1884 silly reify ]
1885 verbose reify failed optional dependency /Users/sachingopalakrishnan/PasteBin/pasteflow/frontend/node_modules/@esbuild/linux-x64
1886 silly reify mark deleted [
1886 silly reify   '/Users/sachingopalakrishnan/PasteBin/pasteflow/frontend/node_modules/@esbuild/linux-x64'
1886 silly reify ]
1887 verbose reify failed optional dependency /Users/sachingopalakrishnan/PasteBin/pasteflow/frontend/node_modules/@esbuild/linux-s390x
1888 silly reify mark deleted [
1888 silly reify   '/Users/sachingopalakrishnan/PasteBin/pasteflow/frontend/node_modules/@esbuild/linux-s390x'
1888 silly reify ]
1889 verbose reify failed optional dependency /Users/sachingopalakrishnan/PasteBin/pasteflow/frontend/node_modules/@esbuild/linux-riscv64
1890 silly reify mark deleted [
1890 silly reify   '/Users/sachingopalakrishnan/PasteBin/pasteflow/frontend/node_modules/@esbuild/linux-riscv64'
1890 silly reify ]
1891 verbose reify failed optional dependency /Users/sachingopalakrishnan/PasteBin/pasteflow/frontend/node_modules/@esbuild/linux-ppc64
1892 silly reify mark deleted [
1892 silly reify   '/Users/sachingopalakrishnan/PasteBin/pasteflow/frontend/node_modules/@esbuild/linux-ppc64'
1892 silly reify ]
1893 verbose reify failed optional dependency /Users/sachingopalakrishnan/PasteBin/pasteflow/frontend/node_modules/@esbuild/linux-mips64el
1894 silly reify mark deleted [
1894 silly reify   '/Users/sachingopalakrishnan/PasteBin/pasteflow/frontend/node_modules/@esbuild/linux-mips64el'
1894 silly reify ]
1895 verbose reify failed optional dependency /Users/sachingopalakrishnan/PasteBin/pasteflow/frontend/node_modules/@esbuild/linux-loong64
1896 silly reify mark deleted [
1896 silly reify   '/Users/sachingopalakrishnan/PasteBin/pasteflow/frontend/node_modules/@esbuild/linux-loong64'
1896 silly reify ]
1897 verbose reify failed optional dependency /Users/sachingopalakrishnan/PasteBin/pasteflow/frontend/node_modules/@esbuild/linux-ia32
1898 silly reify mark deleted [
1898 silly reify   '/Users/sachingopalakrishnan/PasteBin/pasteflow/frontend/node_modules/@esbuild/linux-ia32'
1898 silly reify ]
1899 verbose reify failed optional dependency /Users/sachingopalakrishnan/PasteBin/pasteflow/frontend/node_modules/@esbuild/linux-arm64
1900 silly reify mark deleted [
1900 silly reify   '/Users/sachingopalakrishnan/PasteBin/pasteflow/frontend/node_modules/@esbuild/linux-arm64'
1900 silly reify ]
1901 verbose reify failed optional dependency /Users/sachingopalakrishnan/PasteBin/pasteflow/frontend/node_modules/@esbuild/linux-arm
1902 silly reify mark deleted [
1902 silly reify   '/Users/sachingopalakrishnan/PasteBin/pasteflow/frontend/node_modules/@esbuild/linux-arm'
1902 silly reify ]
1903 verbose reify failed optional dependency /Users/sachingopalakrishnan/PasteBin/pasteflow/frontend/node_modules/@esbuild/freebsd-x64
1904 silly reify mark deleted [
1904 silly reify   '/Users/sachingopalakrishnan/PasteBin/pasteflow/frontend/node_modules/@esbuild/freebsd-x64'
1904 silly reify ]
1905 verbose reify failed optional dependency /Users/sachingopalakrishnan/PasteBin/pasteflow/frontend/node_modules/@esbuild/freebsd-arm64
1906 silly reify mark deleted [
1906 silly reify   '/Users/sachingopalakrishnan/PasteBin/pasteflow/frontend/node_modules/@esbuild/freebsd-arm64'
1906 silly reify ]
1907 verbose reify failed optional dependency /Users/sachingopalakrishnan/PasteBin/pasteflow/frontend/node_modules/@esbuild/darwin-x64
1908 silly reify mark deleted [
1908 silly reify   '/Users/sachingopalakrishnan/PasteBin/pasteflow/frontend/node_modules/@esbuild/darwin-x64'
1908 silly reify ]
1909 verbose reify failed optional dependency /Users/sachingopalakrishnan/PasteBin/pasteflow/frontend/node_modules/@esbuild/android-x64
1910 silly reify mark deleted [
1910 silly reify   '/Users/sachingopalakrishnan/PasteBin/pasteflow/frontend/node_modules/@esbuild/android-x64'
1910 silly reify ]
1911 verbose reify failed optional dependency /Users/sachingopalakrishnan/PasteBin/pasteflow/frontend/node_modules/@esbuild/android-arm64
1912 silly reify mark deleted [
1912 silly reify   '/Users/sachingopalakrishnan/PasteBin/pasteflow/frontend/node_modules/@esbuild/android-arm64'
1912 silly reify ]
1913 verbose reify failed optional dependency /Users/sachingopalakrishnan/PasteBin/pasteflow/frontend/node_modules/@esbuild/android-arm
1914 silly reify mark deleted [
1914 silly reify   '/Users/sachingopalakrishnan/PasteBin/pasteflow/frontend/node_modules/@esbuild/android-arm'
1914 silly reify ]
1915 verbose reify failed optional dependency /Users/sachingopalakrishnan/PasteBin/pasteflow/frontend/node_modules/@esbuild/aix-ppc64
1916 silly reify mark deleted [
1916 silly reify   '/Users/sachingopalakrishnan/PasteBin/pasteflow/frontend/node_modules/@esbuild/aix-ppc64'
1916 silly reify ]
1917 http cache concat-map@https://registry.npmjs.org/concat-map/-/concat-map-0.0.1.tgz 0ms (cache hit)
1918 http cache isexe@https://registry.npmjs.org/isexe/-/isexe-2.0.0.tgz 0ms (cache hit)
1919 http cache @types/estree@https://registry.npmjs.org/@types/estree/-/estree-1.0.9.tgz 0ms (cache hit)
1920 http cache @esbuild/darwin-arm64@https://registry.npmjs.org/@esbuild/darwin-arm64/-/darwin-arm64-0.21.5.tgz 0ms (cache hit)
1921 http cache punycode@https://registry.npmjs.org/punycode/-/punycode-2.3.1.tgz 0ms (cache hit)
1922 http cache rollup@https://registry.npmjs.org/rollup/-/rollup-4.62.3.tgz 0ms (cache hit)
1923 http cache esbuild@https://registry.npmjs.org/esbuild/-/esbuild-0.21.5.tgz 0ms (cache hit)
1924 http cache @rollup/rollup-darwin-arm64@https://registry.npmjs.org/@rollup/rollup-darwin-arm64/-/rollup-darwin-arm64-4.62.3.tgz 0ms (cache hit)
1925 http cache escalade@https://registry.npmjs.org/escalade/-/escalade-3.2.0.tgz 0ms (cache hit)
1926 http cache thenify@https://registry.npmjs.org/thenify/-/thenify-3.3.1.tgz 0ms (cache hit)
1927 http cache any-promise@https://registry.npmjs.org/any-promise/-/any-promise-1.3.0.tgz 0ms (cache hit)
1928 http cache is-number@https://registry.npmjs.org/is-number/-/is-number-7.0.0.tgz 0ms (cache hit)
1929 http cache thenify-all@https://registry.npmjs.org/thenify-all/-/thenify-all-1.6.0.tgz 0ms (cache hit)
1930 http cache tinyglobby@https://registry.npmjs.org/tinyglobby/-/tinyglobby-0.2.17.tgz 0ms (cache hit)
1931 http cache object-assign@https://registry.npmjs.org/object-assign/-/object-assign-4.1.1.tgz 0ms (cache hit)
1932 http cache pirates@https://registry.npmjs.org/pirates/-/pirates-4.0.7.tgz 0ms (cache hit)
1933 http cache commander@https://registry.npmjs.org/commander/-/commander-4.1.1.tgz 0ms (cache hit)
1934 http cache mz@https://registry.npmjs.org/mz/-/mz-2.7.0.tgz 0ms (cache hit)
1935 http cache ts-interface-checker@https://registry.npmjs.org/ts-interface-checker/-/ts-interface-checker-0.1.13.tgz 0ms (cache hit)
1936 http cache path-parse@https://registry.npmjs.org/path-parse/-/path-parse-1.0.7.tgz 0ms (cache hit)
1937 http cache is-core-module@https://registry.npmjs.org/is-core-module/-/is-core-module-2.16.2.tgz 0ms (cache hit)
1938 http cache supports-preserve-symlinks-flag@https://registry.npmjs.org/supports-preserve-symlinks-flag/-/supports-preserve-symlinks-flag-1.0.0.tgz 0ms (cache hit)
1939 http cache util-deprecate@https://registry.npmjs.org/util-deprecate/-/util-deprecate-1.0.2.tgz 0ms (cache hit)
1940 http cache read-cache@https://registry.npmjs.org/read-cache/-/read-cache-1.0.0.tgz 0ms (cache hit)
1941 http cache cssesc@https://registry.npmjs.org/cssesc/-/cssesc-3.0.0.tgz 0ms (cache hit)
1942 http cache pify@https://registry.npmjs.org/pify/-/pify-2.3.0.tgz 0ms (cache hit)
1943 http cache camelcase-css@https://registry.npmjs.org/camelcase-css/-/camelcase-css-2.0.1.tgz 0ms (cache hit)
1944 http cache readdirp@https://registry.npmjs.org/readdirp/-/readdirp-3.6.0.tgz 0ms (cache hit)
1945 http cache anymatch@https://registry.npmjs.org/anymatch/-/anymatch-3.1.3.tgz 0ms (cache hit)
1946 http cache is-binary-path@https://registry.npmjs.org/is-binary-path/-/is-binary-path-2.1.0.tgz 0ms (cache hit)
1947 http cache postcss-selector-parser@https://registry.npmjs.org/postcss-selector-parser/-/postcss-selector-parser-6.1.4.tgz 0ms (cache hit)
1948 http cache binary-extensions@https://registry.npmjs.org/binary-extensions/-/binary-extensions-2.3.0.tgz 0ms (cache hit)
1949 http cache resolve@https://registry.npmjs.org/resolve/-/resolve-1.22.12.tgz 0ms (cache hit)
1950 http cache postcss-nested@https://registry.npmjs.org/postcss-nested/-/postcss-nested-6.2.0.tgz 0ms (cache hit)
1951 http cache postcss-js@https://registry.npmjs.org/postcss-js/-/postcss-js-4.1.0.tgz 0ms (cache hit)
1952 http cache sucrase@https://registry.npmjs.org/sucrase/-/sucrase-3.35.1.tgz 0ms (cache hit)
1953 http cache postcss-load-config@https://registry.npmjs.org/postcss-load-config/-/postcss-load-config-6.0.1.tgz 0ms (cache hit)
1954 http cache lines-and-columns@https://registry.npmjs.org/lines-and-columns/-/lines-and-columns-1.2.4.tgz 0ms (cache hit)
1955 http cache object-hash@https://registry.npmjs.org/object-hash/-/object-hash-3.0.0.tgz 0ms (cache hit)
1956 http cache fsevents@https://registry.npmjs.org/fsevents/-/fsevents-2.3.3.tgz 0ms (cache hit)
1957 http cache normalize-path@https://registry.npmjs.org/normalize-path/-/normalize-path-3.0.0.tgz 0ms (cache hit)
1958 http cache lilconfig@https://registry.npmjs.org/lilconfig/-/lilconfig-3.1.3.tgz 0ms (cache hit)
1959 http cache didyoumean@https://registry.npmjs.org/didyoumean/-/didyoumean-1.2.2.tgz 0ms (cache hit)
1960 http cache chokidar@https://registry.npmjs.org/chokidar/-/chokidar-3.6.0.tgz 0ms (cache hit)
1961 http cache postcss-import@https://registry.npmjs.org/postcss-import/-/postcss-import-15.1.0.tgz 0ms (cache hit)
1962 http cache @alloc/quick-lru@https://registry.npmjs.org/@alloc/quick-lru/-/quick-lru-5.2.0.tgz 0ms (cache hit)
1963 http cache arg@https://registry.npmjs.org/arg/-/arg-5.0.2.tgz 0ms (cache hit)
1964 http cache jiti@https://registry.npmjs.org/jiti/-/jiti-1.21.7.tgz 0ms (cache hit)
1965 http cache ansi-regex@https://registry.npmjs.org/ansi-regex/-/ansi-regex-5.0.1.tgz 0ms (cache hit)
1966 http cache shebang-regex@https://registry.npmjs.org/shebang-regex/-/shebang-regex-3.0.0.tgz 0ms (cache hit)
1967 http cache has-flag@https://registry.npmjs.org/has-flag/-/has-flag-4.0.0.tgz 0ms (cache hit)
1968 http cache dlv@https://registry.npmjs.org/dlv/-/dlv-1.1.3.tgz 0ms (cache hit)
1969 http cache once@https://registry.npmjs.org/once/-/once-1.4.0.tgz 0ms (cache hit)
1970 http cache path-is-absolute@https://registry.npmjs.org/path-is-absolute/-/path-is-absolute-1.0.1.tgz 0ms (cache hit)
1971 http cache queue-microtask@https://registry.npmjs.org/queue-microtask/-/queue-microtask-1.2.3.tgz 0ms (cache hit)
1972 http cache inflight@https://registry.npmjs.org/inflight/-/inflight-1.0.6.tgz 0ms (cache hit)
1973 http cache glob@https://registry.npmjs.org/glob/-/glob-7.2.3.tgz 0ms (cache hit)
1974 http cache inherits@https://registry.npmjs.org/inherits/-/inherits-2.0.4.tgz 0ms (cache hit)
1975 http cache fs.realpath@https://registry.npmjs.org/fs.realpath/-/fs.realpath-1.0.0.tgz 0ms (cache hit)
1976 http cache react-router@https://registry.npmjs.org/react-router/-/react-router-6.30.4.tgz 0ms (cache hit)
1977 http cache scheduler@https://registry.npmjs.org/scheduler/-/scheduler-0.23.2.tgz 0ms (cache hit)
1978 http cache @remix-run/router@https://registry.npmjs.org/@remix-run/router/-/router-1.23.3.tgz 0ms (cache hit)
1979 http cache loose-envify@https://registry.npmjs.org/loose-envify/-/loose-envify-1.4.0.tgz 0ms (cache hit)
1980 http cache nanoid@https://registry.npmjs.org/nanoid/-/nanoid-3.3.16.tgz 0ms (cache hit)
1981 http cache yocto-queue@https://registry.npmjs.org/yocto-queue/-/yocto-queue-0.1.0.tgz 0ms (cache hit)
1982 http cache deep-is@https://registry.npmjs.org/deep-is/-/deep-is-0.1.4.tgz 0ms (cache hit)
1983 http cache source-map-js@https://registry.npmjs.org/source-map-js/-/source-map-js-1.2.1.tgz 0ms (cache hit)
1984 http cache fast-levenshtein@https://registry.npmjs.org/fast-levenshtein/-/fast-levenshtein-2.0.6.tgz 0ms (cache hit)
1985 http cache callsites@https://registry.npmjs.org/callsites/-/callsites-3.1.0.tgz 0ms (cache hit)
1986 http cache @types/trusted-types@https://registry.npmjs.org/@types/trusted-types/-/trusted-types-2.0.7.tgz 0ms (cache hit)
1987 http cache word-wrap@https://registry.npmjs.org/word-wrap/-/word-wrap-1.2.5.tgz 0ms (cache hit)
1988 http cache p-limit@https://registry.npmjs.org/p-limit/-/p-limit-3.1.0.tgz 0ms (cache hit)
1989 http cache brace-expansion@https://registry.npmjs.org/brace-expansion/-/brace-expansion-2.1.4.tgz 0ms (cache hit)
1990 http cache mime-db@https://registry.npmjs.org/mime-db/-/mime-db-1.52.0.tgz 0ms (cache hit)
1991 http cache wrappy@https://registry.npmjs.org/wrappy/-/wrappy-1.0.2.tgz 0ms (cache hit)
1992 http cache to-regex-range@https://registry.npmjs.org/to-regex-range/-/to-regex-range-5.0.1.tgz 0ms (cache hit)
1993 http cache marked@https://registry.npmjs.org/marked/-/marked-14.0.0.tgz 0ms (cache hit)
1994 http cache braces@https://registry.npmjs.org/braces/-/braces-3.0.3.tgz 0ms (cache hit)
1995 http cache dompurify@https://registry.npmjs.org/dompurify/-/dompurify-3.4.8.tgz 0ms (cache hit)
1996 http cache balanced-match@https://registry.npmjs.org/balanced-match/-/balanced-match-1.0.2.tgz 0ms (cache hit)
1997 http cache p-locate@https://registry.npmjs.org/p-locate/-/p-locate-5.0.0.tgz 0ms (cache hit)
1998 http cache yallist@https://registry.npmjs.org/yallist/-/yallist-3.1.1.tgz 0ms (cache hit)
1999 http cache type-check@https://registry.npmjs.org/type-check/-/type-check-0.4.0.tgz 0ms (cache hit)
2000 http cache fill-range@https://registry.npmjs.org/fill-range/-/fill-range-7.1.1.tgz 0ms (cache hit)
2001 http cache json-buffer@https://registry.npmjs.org/json-buffer/-/json-buffer-3.0.1.tgz 0ms (cache hit)
2002 http cache picomatch@https://registry.npmjs.org/picomatch/-/picomatch-2.3.2.tgz 0ms (cache hit)
2003 http cache prelude-ls@https://registry.npmjs.org/prelude-ls/-/prelude-ls-1.2.1.tgz 0ms (cache hit)
2004 http cache parent-module@https://registry.npmjs.org/parent-module/-/parent-module-1.0.1.tgz 0ms (cache hit)
2005 http cache resolve-from@https://registry.npmjs.org/resolve-from/-/resolve-from-4.0.0.tgz 0ms (cache hit)
2006 http cache argparse@https://registry.npmjs.org/argparse/-/argparse-2.0.1.tgz 0ms (cache hit)
2007 http cache is-extglob@https://registry.npmjs.org/is-extglob/-/is-extglob-2.1.1.tgz 0ms (cache hit)
2008 http cache path-type@https://registry.npmjs.org/path-type/-/path-type-4.0.0.tgz 0ms (cache hit)
2009 http cache slash@https://registry.npmjs.org/slash/-/slash-3.0.0.tgz 0ms (cache hit)
2010 http cache micromatch@https://registry.npmjs.org/micromatch/-/micromatch-4.0.8.tgz 0ms (cache hit)
2011 http cache agent-base@https://registry.npmjs.org/agent-base/-/agent-base-6.0.2.tgz 0ms (cache hit)
2012 http cache dir-glob@https://registry.npmjs.org/dir-glob/-/dir-glob-3.0.1.tgz 0ms (cache hit)
2013 http cache merge2@https://registry.npmjs.org/merge2/-/merge2-1.4.1.tgz 0ms (cache hit)
2014 http cache array-union@https://registry.npmjs.org/array-union/-/array-union-2.1.0.tgz 0ms (cache hit)
2015 http cache type-fest@https://registry.npmjs.org/type-fest/-/type-fest-0.20.2.tgz 0ms (cache hit)
2016 http cache fast-glob@https://registry.npmjs.org/fast-glob/-/fast-glob-3.3.3.tgz 0ms (cache hit)
2017 http cache math-intrinsics@https://registry.npmjs.org/math-intrinsics/-/math-intrinsics-1.1.0.tgz 0ms (cache hit)
2018 http cache dunder-proto@https://registry.npmjs.org/dunder-proto/-/dunder-proto-1.0.1.tgz 0ms (cache hit)
2019 http cache has-symbols@https://registry.npmjs.org/has-symbols/-/has-symbols-1.1.0.tgz 0ms (cache hit)
2020 http cache get-proto@https://registry.npmjs.org/get-proto/-/get-proto-1.0.1.tgz 0ms (cache hit)
2021 http cache es-object-atoms@https://registry.npmjs.org/es-object-atoms/-/es-object-atoms-1.1.2.tgz 0ms (cache hit)
2022 http cache call-bind-apply-helpers@https://registry.npmjs.org/call-bind-apply-helpers/-/call-bind-apply-helpers-1.0.2.tgz 0ms (cache hit)
2023 http cache has-tostringtag@https://registry.npmjs.org/has-tostringtag/-/has-tostringtag-1.0.2.tgz 0ms (cache hit)
2024 http cache es-errors@https://registry.npmjs.org/es-errors/-/es-errors-1.3.0.tgz 0ms (cache hit)
2025 http cache es-define-property@https://registry.npmjs.org/es-define-property/-/es-define-property-1.0.1.tgz 0ms (cache hit)
2026 http cache mime-types@https://registry.npmjs.org/mime-types/-/mime-types-2.1.35.tgz 0ms (cache hit)
2027 http cache delayed-stream@https://registry.npmjs.org/delayed-stream/-/delayed-stream-1.0.0.tgz 0ms (cache hit)
2028 http cache hasown@https://registry.npmjs.org/hasown/-/hasown-2.0.4.tgz 0ms (cache hit)
2029 http cache gopd@https://registry.npmjs.org/gopd/-/gopd-1.2.0.tgz 0ms (cache hit)
2030 http cache es-set-tostringtag@https://registry.npmjs.org/es-set-tostringtag/-/es-set-tostringtag-2.1.0.tgz 0ms (cache hit)
2031 http cache get-intrinsic@https://registry.npmjs.org/get-intrinsic/-/get-intrinsic-1.3.0.tgz 0ms (cache hit)
2032 http cache keyv@https://registry.npmjs.org/keyv/-/keyv-4.5.4.tgz 0ms (cache hit)
2033 http cache flatted@https://registry.npmjs.org/flatted/-/flatted-3.4.4.tgz 0ms (cache hit)
2034 http cache asynckit@https://registry.npmjs.org/asynckit/-/asynckit-0.4.0.tgz 0ms (cache hit)
2035 http cache path-exists@https://registry.npmjs.org/path-exists/-/path-exists-4.0.0.tgz 0ms (cache hit)
2036 http cache reusify@https://registry.npmjs.org/reusify/-/reusify-1.1.0.tgz 0ms (cache hit)
2037 http cache rimraf@https://registry.npmjs.org/rimraf/-/rimraf-3.0.2.tgz 0ms (cache hit)
2038 http cache locate-path@https://registry.npmjs.org/locate-path/-/locate-path-6.0.0.tgz 0ms (cache hit)
2039 http cache esrecurse@https://registry.npmjs.org/esrecurse/-/esrecurse-4.3.0.tgz 0ms (cache hit)
2040 http cache estraverse@https://registry.npmjs.org/estraverse/-/estraverse-5.3.0.tgz 0ms (cache hit)
2041 http cache acorn@https://registry.npmjs.org/acorn/-/acorn-8.18.0.tgz 0ms (cache hit)
2042 http cache function-bind@https://registry.npmjs.org/function-bind/-/function-bind-1.1.2.tgz 0ms (cache hit)
2043 http cache acorn-jsx@https://registry.npmjs.org/acorn-jsx/-/acorn-jsx-5.3.2.tgz 0ms (cache hit)
2044 http cache which@https://registry.npmjs.org/which/-/which-2.0.2.tgz 0ms (cache hit)
2045 http cache color-name@https://registry.npmjs.org/color-name/-/color-name-1.1.4.tgz 0ms (cache hit)
2046 http cache path-key@https://registry.npmjs.org/path-key/-/path-key-3.1.1.tgz 0ms (cache hit)
2047 http cache flat-cache@https://registry.npmjs.org/flat-cache/-/flat-cache-3.2.0.tgz 0ms (cache hit)
2048 http cache shebang-command@https://registry.npmjs.org/shebang-command/-/shebang-command-2.0.0.tgz 0ms (cache hit)
2049 http cache ansi-styles@https://registry.npmjs.org/ansi-styles/-/ansi-styles-4.3.0.tgz 0ms (cache hit)
2050 http cache color-convert@https://registry.npmjs.org/color-convert/-/color-convert-2.0.1.tgz 0ms (cache hit)
2051 http cache supports-color@https://registry.npmjs.org/supports-color/-/supports-color-7.2.0.tgz 0ms (cache hit)
2052 http cache combined-stream@https://registry.npmjs.org/combined-stream/-/combined-stream-1.0.8.tgz 0ms (cache hit)
2053 http cache @humanwhocodes/object-schema@https://registry.npmjs.org/@humanwhocodes/object-schema/-/object-schema-2.0.3.tgz 0ms (cache hit)
2054 http cache json-schema-traverse@https://registry.npmjs.org/json-schema-traverse/-/json-schema-traverse-0.4.1.tgz 0ms (cache hit)
2055 http cache @nodelib/fs.scandir@https://registry.npmjs.org/@nodelib/fs.scandir/-/fs.scandir-2.1.5.tgz 0ms (cache hit)
2056 http cache fastq@https://registry.npmjs.org/fastq/-/fastq-1.20.1.tgz 0ms (cache hit)
2057 http cache uri-js@https://registry.npmjs.org/uri-js/-/uri-js-4.4.1.tgz 0ms (cache hit)
2058 http cache strip-json-comments@https://registry.npmjs.org/strip-json-comments/-/strip-json-comments-3.1.1.tgz 0ms (cache hit)
2059 http cache strip-ansi@https://registry.npmjs.org/strip-ansi/-/strip-ansi-6.0.1.tgz 0ms (cache hit)
2060 http cache fast-json-stable-stringify@https://registry.npmjs.org/fast-json-stable-stringify/-/fast-json-stable-stringify-2.1.0.tgz 0ms (cache hit)
2061 http cache text-table@https://registry.npmjs.org/text-table/-/text-table-0.2.0.tgz 0ms (cache hit)
2062 http cache import-fresh@https://registry.npmjs.org/import-fresh/-/import-fresh-3.3.1.tgz 0ms (cache hit)
2063 http cache lodash.merge@https://registry.npmjs.org/lodash.merge/-/lodash.merge-4.6.2.tgz 0ms (cache hit)
2064 http cache levn@https://registry.npmjs.org/levn/-/levn-0.4.1.tgz 0ms (cache hit)
2065 http cache optionator@https://registry.npmjs.org/optionator/-/optionator-0.9.4.tgz 0ms (cache hit)
2066 http cache json-stable-stringify-without-jsonify@https://registry.npmjs.org/json-stable-stringify-without-jsonify/-/json-stable-stringify-without-jsonify-1.0.1.tgz 0ms (cache hit)
2067 http cache js-yaml@https://registry.npmjs.org/js-yaml/-/js-yaml-4.3.0.tgz 0ms (cache hit)
2068 http cache @nodelib/fs.stat@https://registry.npmjs.org/@nodelib/fs.stat/-/fs.stat-2.0.5.tgz 0ms (cache hit)
2069 http cache imurmurhash@https://registry.npmjs.org/imurmurhash/-/imurmurhash-0.1.4.tgz 0ms (cache hit)
2070 http cache run-parallel@https://registry.npmjs.org/run-parallel/-/run-parallel-1.2.0.tgz 0ms (cache hit)
2071 http cache globals@https://registry.npmjs.org/globals/-/globals-13.24.0.tgz 0ms (cache hit)
2072 http cache glob-parent@https://registry.npmjs.org/glob-parent/-/glob-parent-6.0.2.tgz 0ms (cache hit)
2073 http cache find-up@https://registry.npmjs.org/find-up/-/find-up-5.0.0.tgz 0ms (cache hit)
2074 http cache esquery@https://registry.npmjs.org/esquery/-/esquery-1.7.0.tgz 0ms (cache hit)
2075 http cache esutils@https://registry.npmjs.org/esutils/-/esutils-2.0.3.tgz 0ms (cache hit)
2076 http cache eslint-scope@https://registry.npmjs.org/eslint-scope/-/eslint-scope-7.2.2.tgz 0ms (cache hit)
2077 http cache espree@https://registry.npmjs.org/espree/-/espree-9.6.1.tgz 0ms (cache hit)
2078 http cache file-entry-cache@https://registry.npmjs.org/file-entry-cache/-/file-entry-cache-6.0.1.tgz 0ms (cache hit)
2079 http cache is-path-inside@https://registry.npmjs.org/is-path-inside/-/is-path-inside-3.0.3.tgz 0ms (cache hit)
2080 http cache escape-string-regexp@https://registry.npmjs.org/escape-string-regexp/-/escape-string-regexp-4.0.0.tgz 0ms (cache hit)
2081 http cache @ungap/structured-clone@https://registry.npmjs.org/@ungap/structured-clone/-/structured-clone-1.3.3.tgz 0ms (cache hit)
2082 http cache ajv@https://registry.npmjs.org/ajv/-/ajv-6.15.0.tgz 0ms (cache hit)
2083 http cache @nodelib/fs.walk@https://registry.npmjs.org/@nodelib/fs.walk/-/fs.walk-1.2.8.tgz 0ms (cache hit)
2084 http cache @eslint/js@https://registry.npmjs.org/@eslint/js/-/js-8.57.1.tgz 0ms (cache hit)
2085 http cache @humanwhocodes/module-importer@https://registry.npmjs.org/@humanwhocodes/module-importer/-/module-importer-1.0.1.tgz 0ms (cache hit)
2086 http cache doctrine@https://registry.npmjs.org/doctrine/-/doctrine-3.0.0.tgz 0ms (cache hit)
2087 http cache @humanwhocodes/config-array@https://registry.npmjs.org/@humanwhocodes/config-array/-/config-array-0.13.0.tgz 0ms (cache hit)
2088 http cache @eslint/eslintrc@https://registry.npmjs.org/@eslint/eslintrc/-/eslintrc-2.1.4.tgz 0ms (cache hit)
2089 http cache chalk@https://registry.npmjs.org/chalk/-/chalk-4.1.2.tgz 0ms (cache hit)
2090 http cache node-releases@https://registry.npmjs.org/node-releases/-/node-releases-2.0.51.tgz 0ms (cache hit)
2091 http cache electron-to-chromium@https://registry.npmjs.org/electron-to-chromium/-/electron-to-chromium-1.5.398.tgz 0ms (cache hit)
2092 http cache ms@https://registry.npmjs.org/ms/-/ms-2.1.3.tgz 0ms (cache hit)
2093 http cache update-browserslist-db@https://registry.npmjs.org/update-browserslist-db/-/update-browserslist-db-1.2.3.tgz 0ms (cache hit)
2094 http cache fast-deep-equal@https://registry.npmjs.org/fast-deep-equal/-/fast-deep-equal-3.1.3.tgz 0ms (cache hit)
2095 http cache follow-redirects@https://registry.npmjs.org/follow-redirects/-/follow-redirects-1.16.0.tgz 0ms (cache hit)
2096 http cache https-proxy-agent@https://registry.npmjs.org/https-proxy-agent/-/https-proxy-agent-5.0.1.tgz 0ms (cache hit)
2097 http cache baseline-browser-mapping@https://registry.npmjs.org/baseline-browser-mapping/-/baseline-browser-mapping-2.11.8.tgz 0ms (cache hit)
2098 http cache form-data@https://registry.npmjs.org/form-data/-/form-data-4.0.6.tgz 0ms (cache hit)
2099 http cache proxy-from-env@https://registry.npmjs.org/proxy-from-env/-/proxy-from-env-2.1.0.tgz 0ms (cache hit)
2100 http cache fraction.js@https://registry.npmjs.org/fraction.js/-/fraction.js-5.3.4.tgz 0ms (cache hit)
2101 http cache postcss-value-parser@https://registry.npmjs.org/postcss-value-parser/-/postcss-value-parser-4.2.0.tgz 0ms (cache hit)
2102 http cache caniuse-lite@https://registry.npmjs.org/caniuse-lite/-/caniuse-lite-1.0.30001806.tgz 0ms (cache hit)
2103 http cache cross-spawn@https://registry.npmjs.org/cross-spawn/-/cross-spawn-7.0.6.tgz 0ms (cache hit)
2104 http cache @jridgewell/resolve-uri@https://registry.npmjs.org/@jridgewell/resolve-uri/-/resolve-uri-3.1.2.tgz 0ms (cache hit)
2105 http cache @types/babel__traverse@https://registry.npmjs.org/@types/babel__traverse/-/babel__traverse-7.28.0.tgz 0ms (cache hit)
2106 http cache @types/babel__template@https://registry.npmjs.org/@types/babel__template/-/babel__template-7.4.4.tgz 0ms (cache hit)
2107 http cache @babel/helper-string-parser@https://registry.npmjs.org/@babel/helper-string-parser/-/helper-string-parser-7.29.7.tgz 0ms (cache hit)
2108 http cache @jridgewell/sourcemap-codec@https://registry.npmjs.org/@jridgewell/sourcemap-codec/-/sourcemap-codec-1.5.5.tgz 0ms (cache hit)
2109 http cache @types/babel__generator@https://registry.npmjs.org/@types/babel__generator/-/babel__generator-7.27.0.tgz 0ms (cache hit)
2110 http cache @babel/helper-plugin-utils@https://registry.npmjs.org/@babel/helper-plugin-utils/-/helper-plugin-utils-7.29.7.tgz 0ms (cache hit)
2111 http cache @babel/helper-globals@https://registry.npmjs.org/@babel/helper-globals/-/helper-globals-7.29.7.tgz 0ms (cache hit)
2112 http cache @babel/helper-module-imports@https://registry.npmjs.org/@babel/helper-module-imports/-/helper-module-imports-7.29.7.tgz 0ms (cache hit)
2113 http cache browserslist@https://registry.npmjs.org/browserslist/-/browserslist-4.28.7.tgz 0ms (cache hit)
2114 http cache @babel/helper-validator-option@https://registry.npmjs.org/@babel/helper-validator-option/-/helper-validator-option-7.29.7.tgz 0ms (cache hit)
2115 http cache jsesc@https://registry.npmjs.org/jsesc/-/jsesc-3.1.0.tgz 0ms (cache hit)
2116 http cache lru-cache@https://registry.npmjs.org/lru-cache/-/lru-cache-5.1.1.tgz 0ms (cache hit)
2117 http cache @jridgewell/trace-mapping@https://registry.npmjs.org/@jridgewell/trace-mapping/-/trace-mapping-0.3.31.tgz 0ms (cache hit)
2118 http cache picocolors@https://registry.npmjs.org/picocolors/-/picocolors-1.1.1.tgz 0ms (cache hit)
2119 http cache js-tokens@https://registry.npmjs.org/js-tokens/-/js-tokens-4.0.0.tgz 0ms (cache hit)
2120 http cache @babel/compat-data@https://registry.npmjs.org/@babel/compat-data/-/compat-data-7.29.7.tgz 0ms (cache hit)
2121 http cache @babel/helper-validator-identifier@https://registry.npmjs.org/@babel/helper-validator-identifier/-/helper-validator-identifier-7.29.7.tgz 0ms (cache hit)
2122 http cache gensync@https://registry.npmjs.org/gensync/-/gensync-1.0.0-beta.2.tgz 0ms (cache hit)
2123 http cache @jridgewell/gen-mapping@https://registry.npmjs.org/@jridgewell/gen-mapping/-/gen-mapping-0.3.13.tgz 0ms (cache hit)
2124 http cache json5@https://registry.npmjs.org/json5/-/json5-2.2.3.tgz 0ms (cache hit)
2125 http cache convert-source-map@https://registry.npmjs.org/convert-source-map/-/convert-source-map-2.0.0.tgz 0ms (cache hit)
2126 http cache @babel/types@https://registry.npmjs.org/@babel/types/-/types-7.29.7.tgz 0ms (cache hit)
2127 http cache @babel/parser@https://registry.npmjs.org/@babel/parser/-/parser-7.29.7.tgz 0ms (cache hit)
2128 http cache @jridgewell/remapping@https://registry.npmjs.org/@jridgewell/remapping/-/remapping-2.3.5.tgz 0ms (cache hit)
2129 http cache @babel/helpers@https://registry.npmjs.org/@babel/helpers/-/helpers-7.29.7.tgz 0ms (cache hit)
2130 http cache @babel/traverse@https://registry.npmjs.org/@babel/traverse/-/traverse-7.29.7.tgz 0ms (cache hit)
2131 http cache @babel/template@https://registry.npmjs.org/@babel/template/-/template-7.29.7.tgz 0ms (cache hit)
2132 http cache @babel/helper-module-transforms@https://registry.npmjs.org/@babel/helper-module-transforms/-/helper-module-transforms-7.29.7.tgz 0ms (cache hit)
2133 http cache @babel/helper-compilation-targets@https://registry.npmjs.org/@babel/helper-compilation-targets/-/helper-compilation-targets-7.29.7.tgz 0ms (cache hit)
2134 http cache @babel/generator@https://registry.npmjs.org/@babel/generator/-/generator-7.29.7.tgz 0ms (cache hit)
2135 http cache react-refresh@https://registry.npmjs.org/react-refresh/-/react-refresh-0.17.0.tgz 0ms (cache hit)
2136 http cache @babel/code-frame@https://registry.npmjs.org/@babel/code-frame/-/code-frame-7.29.7.tgz 0ms (cache hit)
2137 http cache @rolldown/pluginutils@https://registry.npmjs.org/@rolldown/pluginutils/-/pluginutils-1.0.0-beta.27.tgz 0ms (cache hit)
2138 http cache @types/babel__core@https://registry.npmjs.org/@types/babel__core/-/babel__core-7.20.5.tgz 0ms (cache hit)
2139 http cache @babel/plugin-transform-react-jsx-source@https://registry.npmjs.org/@babel/plugin-transform-react-jsx-source/-/plugin-transform-react-jsx-source-7.29.7.tgz 0ms (cache hit)
2140 http cache eslint-visitor-keys@https://registry.npmjs.org/eslint-visitor-keys/-/eslint-visitor-keys-3.4.3.tgz 0ms (cache hit)
2141 http cache @babel/plugin-transform-react-jsx-self@https://registry.npmjs.org/@babel/plugin-transform-react-jsx-self/-/plugin-transform-react-jsx-self-7.29.7.tgz 0ms (cache hit)
2142 http cache @eslint-community/eslint-utils@https://registry.npmjs.org/@eslint-community/eslint-utils/-/eslint-utils-4.10.1.tgz 0ms (cache hit)
2143 http cache minimatch@https://registry.npmjs.org/minimatch/-/minimatch-9.0.9.tgz 0ms (cache hit)
2144 http cache is-glob@https://registry.npmjs.org/is-glob/-/is-glob-4.0.3.tgz 1ms (cache hit)
2145 http cache semver@https://registry.npmjs.org/semver/-/semver-7.8.5.tgz 0ms (cache hit)
2146 http cache globby@https://registry.npmjs.org/globby/-/globby-11.1.0.tgz 0ms (cache hit)
2147 http cache @babel/core@https://registry.npmjs.org/@babel/core/-/core-7.29.7.tgz 0ms (cache hit)
2148 http cache debug@https://registry.npmjs.org/debug/-/debug-4.4.3.tgz 0ms (cache hit)
2149 http cache @typescript-eslint/typescript-estree@https://registry.npmjs.org/@typescript-eslint/typescript-estree/-/typescript-estree-7.18.0.tgz 0ms (cache hit)
2150 http cache ts-api-utils@https://registry.npmjs.org/ts-api-utils/-/ts-api-utils-1.4.3.tgz 0ms (cache hit)
2151 http cache ignore@https://registry.npmjs.org/ignore/-/ignore-5.3.2.tgz 0ms (cache hit)
2152 http cache @typescript-eslint/types@https://registry.npmjs.org/@typescript-eslint/types/-/types-7.18.0.tgz 0ms (cache hit)
2153 http cache natural-compare@https://registry.npmjs.org/natural-compare/-/natural-compare-1.4.0.tgz 0ms (cache hit)
2154 http cache graphemer@https://registry.npmjs.org/graphemer/-/graphemer-1.4.0.tgz 0ms (cache hit)
2155 http cache @typescript-eslint/utils@https://registry.npmjs.org/@typescript-eslint/utils/-/utils-7.18.0.tgz 0ms (cache hit)
2156 http cache @typescript-eslint/visitor-keys@https://registry.npmjs.org/@typescript-eslint/visitor-keys/-/visitor-keys-7.18.0.tgz 0ms (cache hit)
2157 http cache @typescript-eslint/scope-manager@https://registry.npmjs.org/@typescript-eslint/scope-manager/-/scope-manager-7.18.0.tgz 0ms (cache hit)
2158 http cache @eslint-community/regexpp@https://registry.npmjs.org/@eslint-community/regexpp/-/regexpp-4.12.2.tgz 0ms (cache hit)
2159 http cache csstype@https://registry.npmjs.org/csstype/-/csstype-3.2.3.tgz 0ms (cache hit)
2160 http cache @typescript-eslint/type-utils@https://registry.npmjs.org/@typescript-eslint/type-utils/-/type-utils-7.18.0.tgz 0ms (cache hit)
2161 http cache @types/prop-types@https://registry.npmjs.org/@types/prop-types/-/prop-types-15.7.15.tgz 0ms (cache hit)
2162 http cache @tanstack/query-core@https://registry.npmjs.org/@tanstack/query-core/-/query-core-5.101.4.tgz 0ms (cache hit)
2163 http cache @monaco-editor/loader@https://registry.npmjs.org/@monaco-editor/loader/-/loader-1.7.0.tgz 0ms (cache hit)
2164 http cache state-local@https://registry.npmjs.org/state-local/-/state-local-1.0.7.tgz 0ms (cache hit)
2165 http cache tailwindcss@https://registry.npmjs.org/tailwindcss/-/tailwindcss-3.4.19.tgz 0ms (cache hit)
2166 http cache typescript@https://registry.npmjs.org/typescript/-/typescript-5.9.3.tgz 0ms (cache hit)
2167 http cache react-hook-form@https://registry.npmjs.org/react-hook-form/-/react-hook-form-7.83.0.tgz 0ms (cache hit)
2168 http cache eslint-plugin-react-refresh@https://registry.npmjs.org/eslint-plugin-react-refresh/-/eslint-plugin-react-refresh-0.4.26.tgz 0ms (cache hit)
2169 http cache axios@https://registry.npmjs.org/axios/-/axios-1.19.0.tgz 0ms (cache hit)
2170 http cache react-router-dom@https://registry.npmjs.org/react-router-dom/-/react-router-dom-6.30.4.tgz 0ms (cache hit)
2171 http cache postcss@https://registry.npmjs.org/postcss/-/postcss-8.5.25.tgz 0ms (cache hit)
2172 http cache lucide-react@https://registry.npmjs.org/lucide-react/-/lucide-react-0.364.0.tgz 0ms (cache hit)
2173 http cache vite@https://registry.npmjs.org/vite/-/vite-5.4.21.tgz 0ms (cache hit)
2174 http cache autoprefixer@https://registry.npmjs.org/autoprefixer/-/autoprefixer-10.5.4.tgz 0ms (cache hit)
2175 http cache @typescript-eslint/parser@https://registry.npmjs.org/@typescript-eslint/parser/-/parser-7.18.0.tgz 0ms (cache hit)
2176 http cache @vitejs/plugin-react@https://registry.npmjs.org/@vitejs/plugin-react/-/plugin-react-4.7.0.tgz 0ms (cache hit)
2177 http cache eslint-plugin-react-hooks@https://registry.npmjs.org/eslint-plugin-react-hooks/-/eslint-plugin-react-hooks-4.6.2.tgz 0ms (cache hit)
2178 http cache eslint@https://registry.npmjs.org/eslint/-/eslint-8.57.1.tgz 0ms (cache hit)
2179 http cache @typescript-eslint/eslint-plugin@https://registry.npmjs.org/@typescript-eslint/eslint-plugin/-/eslint-plugin-7.18.0.tgz 0ms (cache hit)
2180 http cache @types/react@https://registry.npmjs.org/@types/react/-/react-18.3.31.tgz 0ms (cache hit)
2181 http cache @types/react-dom@https://registry.npmjs.org/@types/react-dom/-/react-dom-18.3.7.tgz 0ms (cache hit)
2182 http cache react-dom@https://registry.npmjs.org/react-dom/-/react-dom-18.3.1.tgz 0ms (cache hit)
2183 http cache @tanstack/react-query@https://registry.npmjs.org/@tanstack/react-query/-/react-query-5.101.4.tgz 0ms (cache hit)
2184 http cache react@https://registry.npmjs.org/react/-/react-18.3.1.tgz 0ms (cache hit)
2185 http cache @monaco-editor/react@https://registry.npmjs.org/@monaco-editor/react/-/react-4.7.0.tgz 0ms (cache hit)
2186 http cache glob-parent@https://registry.npmjs.org/glob-parent/-/glob-parent-5.1.2.tgz 0ms (cache hit)
2187 http cache picomatch@https://registry.npmjs.org/picomatch/-/picomatch-4.0.5.tgz 0ms (cache hit)
2188 http cache fdir@https://registry.npmjs.org/fdir/-/fdir-6.5.0.tgz 0ms (cache hit)
2189 http cache brace-expansion@https://registry.npmjs.org/brace-expansion/-/brace-expansion-1.1.18.tgz 0ms (cache hit)
2190 http cache minimatch@https://registry.npmjs.org/minimatch/-/minimatch-3.1.5.tgz 0ms (cache hit)
2191 http cache minimatch@https://registry.npmjs.org/minimatch/-/minimatch-3.1.5.tgz 0ms (cache hit)
2192 http cache brace-expansion@https://registry.npmjs.org/brace-expansion/-/brace-expansion-1.1.18.tgz 0ms (cache hit)
2193 http cache glob-parent@https://registry.npmjs.org/glob-parent/-/glob-parent-5.1.2.tgz 0ms (cache hit)
2194 http cache minimatch@https://registry.npmjs.org/minimatch/-/minimatch-3.1.5.tgz 0ms (cache hit)
2195 http cache semver@https://registry.npmjs.org/semver/-/semver-6.3.1.tgz 0ms (cache hit)
2196 http cache brace-expansion@https://registry.npmjs.org/brace-expansion/-/brace-expansion-1.1.18.tgz 0ms (cache hit)
2197 http cache monaco-editor@https://registry.npmjs.org/monaco-editor/-/monaco-editor-0.56.0.tgz 0ms (cache hit)
2198 silly tarball no local data for concat-map@https://registry.npmjs.org/concat-map/-/concat-map-0.0.1.tgz. Extracting by manifest.
2199 silly tarball no local data for isexe@https://registry.npmjs.org/isexe/-/isexe-2.0.0.tgz. Extracting by manifest.
2200 silly tarball no local data for @types/estree@https://registry.npmjs.org/@types/estree/-/estree-1.0.9.tgz. Extracting by manifest.
2201 silly tarball no local data for @esbuild/darwin-arm64@https://registry.npmjs.org/@esbuild/darwin-arm64/-/darwin-arm64-0.21.5.tgz. Extracting by manifest.
2202 silly tarball no local data for punycode@https://registry.npmjs.org/punycode/-/punycode-2.3.1.tgz. Extracting by manifest.
2203 silly tarball no local data for rollup@https://registry.npmjs.org/rollup/-/rollup-4.62.3.tgz. Extracting by manifest.
2204 http cache semver@https://registry.npmjs.org/semver/-/semver-6.3.1.tgz 0ms (cache hit)
2205 silly tarball no local data for esbuild@https://registry.npmjs.org/esbuild/-/esbuild-0.21.5.tgz. Extracting by manifest.
2206 silly tarball no local data for @rollup/rollup-darwin-arm64@https://registry.npmjs.org/@rollup/rollup-darwin-arm64/-/rollup-darwin-arm64-4.62.3.tgz. Extracting by manifest.
2207 silly tarball no local data for escalade@https://registry.npmjs.org/escalade/-/escalade-3.2.0.tgz. Extracting by manifest.
2208 silly tarball no local data for thenify@https://registry.npmjs.org/thenify/-/thenify-3.3.1.tgz. Extracting by manifest.
2209 silly tarball no local data for any-promise@https://registry.npmjs.org/any-promise/-/any-promise-1.3.0.tgz. Extracting by manifest.
2210 silly tarball no local data for is-number@https://registry.npmjs.org/is-number/-/is-number-7.0.0.tgz. Extracting by manifest.
2211 silly tarball no local data for thenify-all@https://registry.npmjs.org/thenify-all/-/thenify-all-1.6.0.tgz. Extracting by manifest.
2212 silly tarball no local data for tinyglobby@https://registry.npmjs.org/tinyglobby/-/tinyglobby-0.2.17.tgz. Extracting by manifest.
2213 silly tarball no local data for object-assign@https://registry.npmjs.org/object-assign/-/object-assign-4.1.1.tgz. Extracting by manifest.
2214 silly tarball no local data for pirates@https://registry.npmjs.org/pirates/-/pirates-4.0.7.tgz. Extracting by manifest.
2215 http cache brace-expansion@https://registry.npmjs.org/brace-expansion/-/brace-expansion-1.1.18.tgz 0ms (cache hit)
2216 silly tarball no local data for commander@https://registry.npmjs.org/commander/-/commander-4.1.1.tgz. Extracting by manifest.
2217 silly tarball no local data for mz@https://registry.npmjs.org/mz/-/mz-2.7.0.tgz. Extracting by manifest.
2218 silly tarball no local data for ts-interface-checker@https://registry.npmjs.org/ts-interface-checker/-/ts-interface-checker-0.1.13.tgz. Extracting by manifest.
2219 http cache minimatch@https://registry.npmjs.org/minimatch/-/minimatch-3.1.5.tgz 0ms (cache hit)
2220 silly tarball no local data for path-parse@https://registry.npmjs.org/path-parse/-/path-parse-1.0.7.tgz. Extracting by manifest.
2221 silly tarball no local data for is-core-module@https://registry.npmjs.org/is-core-module/-/is-core-module-2.16.2.tgz. Extracting by manifest.
2222 silly tarball no local data for supports-preserve-symlinks-flag@https://registry.npmjs.org/supports-preserve-symlinks-flag/-/supports-preserve-symlinks-flag-1.0.0.tgz. Extracting by manifest.
2223 silly tarball no local data for util-deprecate@https://registry.npmjs.org/util-deprecate/-/util-deprecate-1.0.2.tgz. Extracting by manifest.
2224 silly tarball no local data for read-cache@https://registry.npmjs.org/read-cache/-/read-cache-1.0.0.tgz. Extracting by manifest.
2225 silly tarball no local data for cssesc@https://registry.npmjs.org/cssesc/-/cssesc-3.0.0.tgz. Extracting by manifest.
2226 silly tarball no local data for pify@https://registry.npmjs.org/pify/-/pify-2.3.0.tgz. Extracting by manifest.
2227 silly tarball no local data for camelcase-css@https://registry.npmjs.org/camelcase-css/-/camelcase-css-2.0.1.tgz. Extracting by manifest.
2228 silly tarball no local data for readdirp@https://registry.npmjs.org/readdirp/-/readdirp-3.6.0.tgz. Extracting by manifest.
2229 silly tarball no local data for anymatch@https://registry.npmjs.org/anymatch/-/anymatch-3.1.3.tgz. Extracting by manifest.
2230 silly tarball no local data for is-binary-path@https://registry.npmjs.org/is-binary-path/-/is-binary-path-2.1.0.tgz. Extracting by manifest.
2231 silly tarball no local data for postcss-selector-parser@https://registry.npmjs.org/postcss-selector-parser/-/postcss-selector-parser-6.1.4.tgz. Extracting by manifest.
2232 silly tarball no local data for binary-extensions@https://registry.npmjs.org/binary-extensions/-/binary-extensions-2.3.0.tgz. Extracting by manifest.
2233 silly tarball no local data for resolve@https://registry.npmjs.org/resolve/-/resolve-1.22.12.tgz. Extracting by manifest.
2234 silly tarball no local data for postcss-nested@https://registry.npmjs.org/postcss-nested/-/postcss-nested-6.2.0.tgz. Extracting by manifest.
2235 silly tarball no local data for postcss-js@https://registry.npmjs.org/postcss-js/-/postcss-js-4.1.0.tgz. Extracting by manifest.
2236 silly tarball no local data for sucrase@https://registry.npmjs.org/sucrase/-/sucrase-3.35.1.tgz. Extracting by manifest.
2237 silly tarball no local data for postcss-load-config@https://registry.npmjs.org/postcss-load-config/-/postcss-load-config-6.0.1.tgz. Extracting by manifest.
2238 silly tarball no local data for lines-and-columns@https://registry.npmjs.org/lines-and-columns/-/lines-and-columns-1.2.4.tgz. Extracting by manifest.
2239 silly tarball no local data for object-hash@https://registry.npmjs.org/object-hash/-/object-hash-3.0.0.tgz. Extracting by manifest.
2240 silly tarball no local data for fsevents@https://registry.npmjs.org/fsevents/-/fsevents-2.3.3.tgz. Extracting by manifest.
2241 silly tarball no local data for normalize-path@https://registry.npmjs.org/normalize-path/-/normalize-path-3.0.0.tgz. Extracting by manifest.
2242 silly tarball no local data for lilconfig@https://registry.npmjs.org/lilconfig/-/lilconfig-3.1.3.tgz. Extracting by manifest.
2243 silly tarball no local data for didyoumean@https://registry.npmjs.org/didyoumean/-/didyoumean-1.2.2.tgz. Extracting by manifest.
2244 silly tarball no local data for chokidar@https://registry.npmjs.org/chokidar/-/chokidar-3.6.0.tgz. Extracting by manifest.
2245 silly tarball no local data for postcss-import@https://registry.npmjs.org/postcss-import/-/postcss-import-15.1.0.tgz. Extracting by manifest.
2246 silly tarball no local data for @alloc/quick-lru@https://registry.npmjs.org/@alloc/quick-lru/-/quick-lru-5.2.0.tgz. Extracting by manifest.
2247 silly tarball no local data for arg@https://registry.npmjs.org/arg/-/arg-5.0.2.tgz. Extracting by manifest.
2248 silly tarball no local data for jiti@https://registry.npmjs.org/jiti/-/jiti-1.21.7.tgz. Extracting by manifest.
2249 silly tarball no local data for ansi-regex@https://registry.npmjs.org/ansi-regex/-/ansi-regex-5.0.1.tgz. Extracting by manifest.
2250 silly tarball no local data for shebang-regex@https://registry.npmjs.org/shebang-regex/-/shebang-regex-3.0.0.tgz. Extracting by manifest.
2251 silly tarball no local data for has-flag@https://registry.npmjs.org/has-flag/-/has-flag-4.0.0.tgz. Extracting by manifest.
2252 silly tarball no local data for dlv@https://registry.npmjs.org/dlv/-/dlv-1.1.3.tgz. Extracting by manifest.
2253 silly tarball no local data for once@https://registry.npmjs.org/once/-/once-1.4.0.tgz. Extracting by manifest.
2254 silly tarball no local data for path-is-absolute@https://registry.npmjs.org/path-is-absolute/-/path-is-absolute-1.0.1.tgz. Extracting by manifest.
2255 silly tarball no local data for queue-microtask@https://registry.npmjs.org/queue-microtask/-/queue-microtask-1.2.3.tgz. Extracting by manifest.
2256 silly tarball no local data for inflight@https://registry.npmjs.org/inflight/-/inflight-1.0.6.tgz. Extracting by manifest.
2257 silly tarball no local data for glob@https://registry.npmjs.org/glob/-/glob-7.2.3.tgz. Extracting by manifest.
2258 silly tarball no local data for inherits@https://registry.npmjs.org/inherits/-/inherits-2.0.4.tgz. Extracting by manifest.
2259 silly tarball no local data for fs.realpath@https://registry.npmjs.org/fs.realpath/-/fs.realpath-1.0.0.tgz. Extracting by manifest.
2260 silly tarball no local data for react-router@https://registry.npmjs.org/react-router/-/react-router-6.30.4.tgz. Extracting by manifest.
2261 silly tarball no local data for scheduler@https://registry.npmjs.org/scheduler/-/scheduler-0.23.2.tgz. Extracting by manifest.
2262 silly tarball no local data for @remix-run/router@https://registry.npmjs.org/@remix-run/router/-/router-1.23.3.tgz. Extracting by manifest.
2263 silly tarball no local data for loose-envify@https://registry.npmjs.org/loose-envify/-/loose-envify-1.4.0.tgz. Extracting by manifest.
2264 silly tarball no local data for nanoid@https://registry.npmjs.org/nanoid/-/nanoid-3.3.16.tgz. Extracting by manifest.
2265 silly tarball no local data for yocto-queue@https://registry.npmjs.org/yocto-queue/-/yocto-queue-0.1.0.tgz. Extracting by manifest.
2266 silly tarball no local data for deep-is@https://registry.npmjs.org/deep-is/-/deep-is-0.1.4.tgz. Extracting by manifest.
2267 silly tarball no local data for source-map-js@https://registry.npmjs.org/source-map-js/-/source-map-js-1.2.1.tgz. Extracting by manifest.
2268 silly tarball no local data for fast-levenshtein@https://registry.npmjs.org/fast-levenshtein/-/fast-levenshtein-2.0.6.tgz. Extracting by manifest.
2269 silly tarball no local data for callsites@https://registry.npmjs.org/callsites/-/callsites-3.1.0.tgz. Extracting by manifest.
2270 silly tarball no local data for @types/trusted-types@https://registry.npmjs.org/@types/trusted-types/-/trusted-types-2.0.7.tgz. Extracting by manifest.
2271 silly tarball no local data for word-wrap@https://registry.npmjs.org/word-wrap/-/word-wrap-1.2.5.tgz. Extracting by manifest.
2272 silly tarball no local data for p-limit@https://registry.npmjs.org/p-limit/-/p-limit-3.1.0.tgz. Extracting by manifest.
2273 silly tarball no local data for brace-expansion@https://registry.npmjs.org/brace-expansion/-/brace-expansion-2.1.4.tgz. Extracting by manifest.
2274 silly tarball no local data for mime-db@https://registry.npmjs.org/mime-db/-/mime-db-1.52.0.tgz. Extracting by manifest.
2275 silly tarball no local data for wrappy@https://registry.npmjs.org/wrappy/-/wrappy-1.0.2.tgz. Extracting by manifest.
2276 silly tarball no local data for to-regex-range@https://registry.npmjs.org/to-regex-range/-/to-regex-range-5.0.1.tgz. Extracting by manifest.
2277 silly tarball no local data for marked@https://registry.npmjs.org/marked/-/marked-14.0.0.tgz. Extracting by manifest.
2278 silly tarball no local data for braces@https://registry.npmjs.org/braces/-/braces-3.0.3.tgz. Extracting by manifest.
2279 silly tarball no local data for dompurify@https://registry.npmjs.org/dompurify/-/dompurify-3.4.8.tgz. Extracting by manifest.
2280 silly tarball no local data for balanced-match@https://registry.npmjs.org/balanced-match/-/balanced-match-1.0.2.tgz. Extracting by manifest.
2281 silly tarball no local data for p-locate@https://registry.npmjs.org/p-locate/-/p-locate-5.0.0.tgz. Extracting by manifest.
2282 silly tarball no local data for yallist@https://registry.npmjs.org/yallist/-/yallist-3.1.1.tgz. Extracting by manifest.
2283 silly tarball no local data for type-check@https://registry.npmjs.org/type-check/-/type-check-0.4.0.tgz. Extracting by manifest.
2284 silly tarball no local data for fill-range@https://registry.npmjs.org/fill-range/-/fill-range-7.1.1.tgz. Extracting by manifest.
2285 silly tarball no local data for json-buffer@https://registry.npmjs.org/json-buffer/-/json-buffer-3.0.1.tgz. Extracting by manifest.
2286 silly tarball no local data for picomatch@https://registry.npmjs.org/picomatch/-/picomatch-2.3.2.tgz. Extracting by manifest.
2287 silly tarball no local data for prelude-ls@https://registry.npmjs.org/prelude-ls/-/prelude-ls-1.2.1.tgz. Extracting by manifest.
2288 silly tarball no local data for parent-module@https://registry.npmjs.org/parent-module/-/parent-module-1.0.1.tgz. Extracting by manifest.
2289 silly tarball no local data for resolve-from@https://registry.npmjs.org/resolve-from/-/resolve-from-4.0.0.tgz. Extracting by manifest.
2290 silly tarball no local data for argparse@https://registry.npmjs.org/argparse/-/argparse-2.0.1.tgz. Extracting by manifest.
2291 silly tarball no local data for is-extglob@https://registry.npmjs.org/is-extglob/-/is-extglob-2.1.1.tgz. Extracting by manifest.
2292 silly tarball no local data for path-type@https://registry.npmjs.org/path-type/-/path-type-4.0.0.tgz. Extracting by manifest.
2293 silly tarball no local data for slash@https://registry.npmjs.org/slash/-/slash-3.0.0.tgz. Extracting by manifest.
2294 silly tarball no local data for micromatch@https://registry.npmjs.org/micromatch/-/micromatch-4.0.8.tgz. Extracting by manifest.
2295 silly tarball no local data for agent-base@https://registry.npmjs.org/agent-base/-/agent-base-6.0.2.tgz. Extracting by manifest.
2296 silly tarball no local data for dir-glob@https://registry.npmjs.org/dir-glob/-/dir-glob-3.0.1.tgz. Extracting by manifest.
2297 silly tarball no local data for merge2@https://registry.npmjs.org/merge2/-/merge2-1.4.1.tgz. Extracting by manifest.
2298 silly tarball no local data for array-union@https://registry.npmjs.org/array-union/-/array-union-2.1.0.tgz. Extracting by manifest.
2299 silly tarball no local data for type-fest@https://registry.npmjs.org/type-fest/-/type-fest-0.20.2.tgz. Extracting by manifest.
2300 silly tarball no local data for fast-glob@https://registry.npmjs.org/fast-glob/-/fast-glob-3.3.3.tgz. Extracting by manifest.
2301 silly tarball no local data for math-intrinsics@https://registry.npmjs.org/math-intrinsics/-/math-intrinsics-1.1.0.tgz. Extracting by manifest.
2302 silly tarball no local data for dunder-proto@https://registry.npmjs.org/dunder-proto/-/dunder-proto-1.0.1.tgz. Extracting by manifest.
2303 silly tarball no local data for has-symbols@https://registry.npmjs.org/has-symbols/-/has-symbols-1.1.0.tgz. Extracting by manifest.
2304 silly tarball no local data for get-proto@https://registry.npmjs.org/get-proto/-/get-proto-1.0.1.tgz. Extracting by manifest.
2305 silly tarball no local data for es-object-atoms@https://registry.npmjs.org/es-object-atoms/-/es-object-atoms-1.1.2.tgz. Extracting by manifest.
2306 silly tarball no local data for call-bind-apply-helpers@https://registry.npmjs.org/call-bind-apply-helpers/-/call-bind-apply-helpers-1.0.2.tgz. Extracting by manifest.
2307 silly tarball no local data for has-tostringtag@https://registry.npmjs.org/has-tostringtag/-/has-tostringtag-1.0.2.tgz. Extracting by manifest.
2308 silly tarball no local data for es-errors@https://registry.npmjs.org/es-errors/-/es-errors-1.3.0.tgz. Extracting by manifest.
2309 silly tarball no local data for es-define-property@https://registry.npmjs.org/es-define-property/-/es-define-property-1.0.1.tgz. Extracting by manifest.
2310 silly tarball no local data for mime-types@https://registry.npmjs.org/mime-types/-/mime-types-2.1.35.tgz. Extracting by manifest.
2311 silly tarball no local data for delayed-stream@https://registry.npmjs.org/delayed-stream/-/delayed-stream-1.0.0.tgz. Extracting by manifest.
2312 silly tarball no local data for hasown@https://registry.npmjs.org/hasown/-/hasown-2.0.4.tgz. Extracting by manifest.
2313 silly tarball no local data for gopd@https://registry.npmjs.org/gopd/-/gopd-1.2.0.tgz. Extracting by manifest.
2314 silly tarball no local data for es-set-tostringtag@https://registry.npmjs.org/es-set-tostringtag/-/es-set-tostringtag-2.1.0.tgz. Extracting by manifest.
2315 silly tarball no local data for get-intrinsic@https://registry.npmjs.org/get-intrinsic/-/get-intrinsic-1.3.0.tgz. Extracting by manifest.
2316 silly tarball no local data for keyv@https://registry.npmjs.org/keyv/-/keyv-4.5.4.tgz. Extracting by manifest.
2317 silly tarball no local data for flatted@https://registry.npmjs.org/flatted/-/flatted-3.4.4.tgz. Extracting by manifest.
2318 silly tarball no local data for asynckit@https://registry.npmjs.org/asynckit/-/asynckit-0.4.0.tgz. Extracting by manifest.
2319 silly tarball no local data for path-exists@https://registry.npmjs.org/path-exists/-/path-exists-4.0.0.tgz. Extracting by manifest.
2320 silly tarball no local data for reusify@https://registry.npmjs.org/reusify/-/reusify-1.1.0.tgz. Extracting by manifest.
2321 silly tarball no local data for rimraf@https://registry.npmjs.org/rimraf/-/rimraf-3.0.2.tgz. Extracting by manifest.
2322 silly tarball no local data for locate-path@https://registry.npmjs.org/locate-path/-/locate-path-6.0.0.tgz. Extracting by manifest.
2323 silly tarball no local data for esrecurse@https://registry.npmjs.org/esrecurse/-/esrecurse-4.3.0.tgz. Extracting by manifest.
2324 silly tarball no local data for estraverse@https://registry.npmjs.org/estraverse/-/estraverse-5.3.0.tgz. Extracting by manifest.
2325 silly tarball no local data for acorn@https://registry.npmjs.org/acorn/-/acorn-8.18.0.tgz. Extracting by manifest.
2326 silly tarball no local data for function-bind@https://registry.npmjs.org/function-bind/-/function-bind-1.1.2.tgz. Extracting by manifest.
2327 silly tarball no local data for acorn-jsx@https://registry.npmjs.org/acorn-jsx/-/acorn-jsx-5.3.2.tgz. Extracting by manifest.
2328 silly tarball no local data for which@https://registry.npmjs.org/which/-/which-2.0.2.tgz. Extracting by manifest.
2329 silly tarball no local data for color-name@https://registry.npmjs.org/color-name/-/color-name-1.1.4.tgz. Extracting by manifest.
2330 silly tarball no local data for path-key@https://registry.npmjs.org/path-key/-/path-key-3.1.1.tgz. Extracting by manifest.
2331 silly tarball no local data for flat-cache@https://registry.npmjs.org/flat-cache/-/flat-cache-3.2.0.tgz. Extracting by manifest.
2332 silly tarball no local data for shebang-command@https://registry.npmjs.org/shebang-command/-/shebang-command-2.0.0.tgz. Extracting by manifest.
2333 silly tarball no local data for ansi-styles@https://registry.npmjs.org/ansi-styles/-/ansi-styles-4.3.0.tgz. Extracting by manifest.
2334 silly tarball no local data for color-convert@https://registry.npmjs.org/color-convert/-/color-convert-2.0.1.tgz. Extracting by manifest.
2335 silly tarball no local data for supports-color@https://registry.npmjs.org/supports-color/-/supports-color-7.2.0.tgz. Extracting by manifest.
2336 silly tarball no local data for combined-stream@https://registry.npmjs.org/combined-stream/-/combined-stream-1.0.8.tgz. Extracting by manifest.
2337 silly tarball no local data for @humanwhocodes/object-schema@https://registry.npmjs.org/@humanwhocodes/object-schema/-/object-schema-2.0.3.tgz. Extracting by manifest.
2338 silly tarball no local data for json-schema-traverse@https://registry.npmjs.org/json-schema-traverse/-/json-schema-traverse-0.4.1.tgz. Extracting by manifest.
2339 silly tarball no local data for @nodelib/fs.scandir@https://registry.npmjs.org/@nodelib/fs.scandir/-/fs.scandir-2.1.5.tgz. Extracting by manifest.
2340 silly tarball no local data for fastq@https://registry.npmjs.org/fastq/-/fastq-1.20.1.tgz. Extracting by manifest.
2341 silly tarball no local data for uri-js@https://registry.npmjs.org/uri-js/-/uri-js-4.4.1.tgz. Extracting by manifest.
2342 silly tarball no local data for strip-json-comments@https://registry.npmjs.org/strip-json-comments/-/strip-json-comments-3.1.1.tgz. Extracting by manifest.
2343 silly tarball no local data for strip-ansi@https://registry.npmjs.org/strip-ansi/-/strip-ansi-6.0.1.tgz. Extracting by manifest.
2344 silly tarball no local data for fast-json-stable-stringify@https://registry.npmjs.org/fast-json-stable-stringify/-/fast-json-stable-stringify-2.1.0.tgz. Extracting by manifest.
2345 silly tarball no local data for text-table@https://registry.npmjs.org/text-table/-/text-table-0.2.0.tgz. Extracting by manifest.
2346 silly tarball no local data for import-fresh@https://registry.npmjs.org/import-fresh/-/import-fresh-3.3.1.tgz. Extracting by manifest.
2347 silly tarball no local data for lodash.merge@https://registry.npmjs.org/lodash.merge/-/lodash.merge-4.6.2.tgz. Extracting by manifest.
2348 silly tarball no local data for levn@https://registry.npmjs.org/levn/-/levn-0.4.1.tgz. Extracting by manifest.
2349 silly tarball no local data for optionator@https://registry.npmjs.org/optionator/-/optionator-0.9.4.tgz. Extracting by manifest.
2350 silly tarball no local data for json-stable-stringify-without-jsonify@https://registry.npmjs.org/json-stable-stringify-without-jsonify/-/json-stable-stringify-without-jsonify-1.0.1.tgz. Extracting by manifest.
2351 silly tarball no local data for js-yaml@https://registry.npmjs.org/js-yaml/-/js-yaml-4.3.0.tgz. Extracting by manifest.
2352 silly tarball no local data for @nodelib/fs.stat@https://registry.npmjs.org/@nodelib/fs.stat/-/fs.stat-2.0.5.tgz. Extracting by manifest.
2353 silly tarball no local data for imurmurhash@https://registry.npmjs.org/imurmurhash/-/imurmurhash-0.1.4.tgz. Extracting by manifest.
2354 silly tarball no local data for run-parallel@https://registry.npmjs.org/run-parallel/-/run-parallel-1.2.0.tgz. Extracting by manifest.
2355 silly tarball no local data for globals@https://registry.npmjs.org/globals/-/globals-13.24.0.tgz. Extracting by manifest.
2356 silly tarball no local data for glob-parent@https://registry.npmjs.org/glob-parent/-/glob-parent-6.0.2.tgz. Extracting by manifest.
2357 silly tarball no local data for find-up@https://registry.npmjs.org/find-up/-/find-up-5.0.0.tgz. Extracting by manifest.
2358 silly tarball no local data for esquery@https://registry.npmjs.org/esquery/-/esquery-1.7.0.tgz. Extracting by manifest.
2359 silly tarball no local data for esutils@https://registry.npmjs.org/esutils/-/esutils-2.0.3.tgz. Extracting by manifest.
2360 silly tarball no local data for eslint-scope@https://registry.npmjs.org/eslint-scope/-/eslint-scope-7.2.2.tgz. Extracting by manifest.
2361 silly tarball no local data for espree@https://registry.npmjs.org/espree/-/espree-9.6.1.tgz. Extracting by manifest.
2362 silly tarball no local data for file-entry-cache@https://registry.npmjs.org/file-entry-cache/-/file-entry-cache-6.0.1.tgz. Extracting by manifest.
2363 silly tarball no local data for is-path-inside@https://registry.npmjs.org/is-path-inside/-/is-path-inside-3.0.3.tgz. Extracting by manifest.
2364 silly tarball no local data for escape-string-regexp@https://registry.npmjs.org/escape-string-regexp/-/escape-string-regexp-4.0.0.tgz. Extracting by manifest.
2365 silly tarball no local data for @ungap/structured-clone@https://registry.npmjs.org/@ungap/structured-clone/-/structured-clone-1.3.3.tgz. Extracting by manifest.
2366 silly tarball no local data for ajv@https://registry.npmjs.org/ajv/-/ajv-6.15.0.tgz. Extracting by manifest.
2367 silly tarball no local data for @nodelib/fs.walk@https://registry.npmjs.org/@nodelib/fs.walk/-/fs.walk-1.2.8.tgz. Extracting by manifest.
2368 silly tarball no local data for @eslint/js@https://registry.npmjs.org/@eslint/js/-/js-8.57.1.tgz. Extracting by manifest.
2369 silly tarball no local data for @humanwhocodes/module-importer@https://registry.npmjs.org/@humanwhocodes/module-importer/-/module-importer-1.0.1.tgz. Extracting by manifest.
2370 silly tarball no local data for doctrine@https://registry.npmjs.org/doctrine/-/doctrine-3.0.0.tgz. Extracting by manifest.
2371 silly tarball no local data for @humanwhocodes/config-array@https://registry.npmjs.org/@humanwhocodes/config-array/-/config-array-0.13.0.tgz. Extracting by manifest.
2372 silly tarball no local data for @eslint/eslintrc@https://registry.npmjs.org/@eslint/eslintrc/-/eslintrc-2.1.4.tgz. Extracting by manifest.
2373 silly tarball no local data for chalk@https://registry.npmjs.org/chalk/-/chalk-4.1.2.tgz. Extracting by manifest.
2374 silly tarball no local data for node-releases@https://registry.npmjs.org/node-releases/-/node-releases-2.0.51.tgz. Extracting by manifest.
2375 silly tarball no local data for electron-to-chromium@https://registry.npmjs.org/electron-to-chromium/-/electron-to-chromium-1.5.398.tgz. Extracting by manifest.
2376 silly tarball no local data for ms@https://registry.npmjs.org/ms/-/ms-2.1.3.tgz. Extracting by manifest.
2377 silly tarball no local data for update-browserslist-db@https://registry.npmjs.org/update-browserslist-db/-/update-browserslist-db-1.2.3.tgz. Extracting by manifest.
2378 silly tarball no local data for fast-deep-equal@https://registry.npmjs.org/fast-deep-equal/-/fast-deep-equal-3.1.3.tgz. Extracting by manifest.
2379 silly tarball no local data for follow-redirects@https://registry.npmjs.org/follow-redirects/-/follow-redirects-1.16.0.tgz. Extracting by manifest.
2380 silly tarball no local data for https-proxy-agent@https://registry.npmjs.org/https-proxy-agent/-/https-proxy-agent-5.0.1.tgz. Extracting by manifest.
2381 silly tarball no local data for baseline-browser-mapping@https://registry.npmjs.org/baseline-browser-mapping/-/baseline-browser-mapping-2.11.8.tgz. Extracting by manifest.
2382 silly tarball no local data for form-data@https://registry.npmjs.org/form-data/-/form-data-4.0.6.tgz. Extracting by manifest.
2383 silly tarball no local data for proxy-from-env@https://registry.npmjs.org/proxy-from-env/-/proxy-from-env-2.1.0.tgz. Extracting by manifest.
2384 silly tarball no local data for fraction.js@https://registry.npmjs.org/fraction.js/-/fraction.js-5.3.4.tgz. Extracting by manifest.
2385 silly tarball no local data for postcss-value-parser@https://registry.npmjs.org/postcss-value-parser/-/postcss-value-parser-4.2.0.tgz. Extracting by manifest.
2386 silly tarball no local data for caniuse-lite@https://registry.npmjs.org/caniuse-lite/-/caniuse-lite-1.0.30001806.tgz. Extracting by manifest.
2387 silly tarball no local data for cross-spawn@https://registry.npmjs.org/cross-spawn/-/cross-spawn-7.0.6.tgz. Extracting by manifest.
2388 silly tarball no local data for @jridgewell/resolve-uri@https://registry.npmjs.org/@jridgewell/resolve-uri/-/resolve-uri-3.1.2.tgz. Extracting by manifest.
2389 silly tarball no local data for @types/babel__traverse@https://registry.npmjs.org/@types/babel__traverse/-/babel__traverse-7.28.0.tgz. Extracting by manifest.
2390 silly tarball no local data for @types/babel__template@https://registry.npmjs.org/@types/babel__template/-/babel__template-7.4.4.tgz. Extracting by manifest.
2391 silly tarball no local data for @babel/helper-string-parser@https://registry.npmjs.org/@babel/helper-string-parser/-/helper-string-parser-7.29.7.tgz. Extracting by manifest.
2392 silly tarball no local data for @jridgewell/sourcemap-codec@https://registry.npmjs.org/@jridgewell/sourcemap-codec/-/sourcemap-codec-1.5.5.tgz. Extracting by manifest.
2393 silly tarball no local data for @types/babel__generator@https://registry.npmjs.org/@types/babel__generator/-/babel__generator-7.27.0.tgz. Extracting by manifest.
2394 silly tarball no local data for @babel/helper-plugin-utils@https://registry.npmjs.org/@babel/helper-plugin-utils/-/helper-plugin-utils-7.29.7.tgz. Extracting by manifest.
2395 silly tarball no local data for @babel/helper-globals@https://registry.npmjs.org/@babel/helper-globals/-/helper-globals-7.29.7.tgz. Extracting by manifest.
2396 silly tarball no local data for @babel/helper-module-imports@https://registry.npmjs.org/@babel/helper-module-imports/-/helper-module-imports-7.29.7.tgz. Extracting by manifest.
2397 silly tarball no local data for browserslist@https://registry.npmjs.org/browserslist/-/browserslist-4.28.7.tgz. Extracting by manifest.
2398 silly tarball no local data for @babel/helper-validator-option@https://registry.npmjs.org/@babel/helper-validator-option/-/helper-validator-option-7.29.7.tgz. Extracting by manifest.
2399 silly tarball no local data for jsesc@https://registry.npmjs.org/jsesc/-/jsesc-3.1.0.tgz. Extracting by manifest.
2400 silly tarball no local data for lru-cache@https://registry.npmjs.org/lru-cache/-/lru-cache-5.1.1.tgz. Extracting by manifest.
2401 silly tarball no local data for @jridgewell/trace-mapping@https://registry.npmjs.org/@jridgewell/trace-mapping/-/trace-mapping-0.3.31.tgz. Extracting by manifest.
2402 silly tarball no local data for picocolors@https://registry.npmjs.org/picocolors/-/picocolors-1.1.1.tgz. Extracting by manifest.
2403 silly tarball no local data for js-tokens@https://registry.npmjs.org/js-tokens/-/js-tokens-4.0.0.tgz. Extracting by manifest.
2404 silly tarball no local data for @babel/compat-data@https://registry.npmjs.org/@babel/compat-data/-/compat-data-7.29.7.tgz. Extracting by manifest.
2405 silly tarball no local data for @babel/helper-validator-identifier@https://registry.npmjs.org/@babel/helper-validator-identifier/-/helper-validator-identifier-7.29.7.tgz. Extracting by manifest.
2406 silly tarball no local data for gensync@https://registry.npmjs.org/gensync/-/gensync-1.0.0-beta.2.tgz. Extracting by manifest.
2407 silly tarball no local data for @jridgewell/gen-mapping@https://registry.npmjs.org/@jridgewell/gen-mapping/-/gen-mapping-0.3.13.tgz. Extracting by manifest.
2408 silly tarball no local data for json5@https://registry.npmjs.org/json5/-/json5-2.2.3.tgz. Extracting by manifest.
2409 silly tarball no local data for convert-source-map@https://registry.npmjs.org/convert-source-map/-/convert-source-map-2.0.0.tgz. Extracting by manifest.
2410 silly tarball no local data for @babel/types@https://registry.npmjs.org/@babel/types/-/types-7.29.7.tgz. Extracting by manifest.
2411 silly tarball no local data for @babel/parser@https://registry.npmjs.org/@babel/parser/-/parser-7.29.7.tgz. Extracting by manifest.
2412 silly tarball no local data for @jridgewell/remapping@https://registry.npmjs.org/@jridgewell/remapping/-/remapping-2.3.5.tgz. Extracting by manifest.
2413 silly tarball no local data for @babel/helpers@https://registry.npmjs.org/@babel/helpers/-/helpers-7.29.7.tgz. Extracting by manifest.
2414 silly tarball no local data for @babel/traverse@https://registry.npmjs.org/@babel/traverse/-/traverse-7.29.7.tgz. Extracting by manifest.
2415 silly tarball no local data for @babel/template@https://registry.npmjs.org/@babel/template/-/template-7.29.7.tgz. Extracting by manifest.
2416 silly tarball no local data for @babel/helper-module-transforms@https://registry.npmjs.org/@babel/helper-module-transforms/-/helper-module-transforms-7.29.7.tgz. Extracting by manifest.
2417 silly tarball no local data for @babel/helper-compilation-targets@https://registry.npmjs.org/@babel/helper-compilation-targets/-/helper-compilation-targets-7.29.7.tgz. Extracting by manifest.
2418 silly tarball no local data for @babel/generator@https://registry.npmjs.org/@babel/generator/-/generator-7.29.7.tgz. Extracting by manifest.
2419 silly tarball no local data for react-refresh@https://registry.npmjs.org/react-refresh/-/react-refresh-0.17.0.tgz. Extracting by manifest.
2420 silly tarball no local data for @babel/code-frame@https://registry.npmjs.org/@babel/code-frame/-/code-frame-7.29.7.tgz. Extracting by manifest.
2421 silly tarball no local data for @rolldown/pluginutils@https://registry.npmjs.org/@rolldown/pluginutils/-/pluginutils-1.0.0-beta.27.tgz. Extracting by manifest.
2422 silly tarball no local data for @types/babel__core@https://registry.npmjs.org/@types/babel__core/-/babel__core-7.20.5.tgz. Extracting by manifest.
2423 silly tarball no local data for @babel/plugin-transform-react-jsx-source@https://registry.npmjs.org/@babel/plugin-transform-react-jsx-source/-/plugin-transform-react-jsx-source-7.29.7.tgz. Extracting by manifest.
2424 silly tarball no local data for eslint-visitor-keys@https://registry.npmjs.org/eslint-visitor-keys/-/eslint-visitor-keys-3.4.3.tgz. Extracting by manifest.
2425 silly tarball no local data for @babel/plugin-transform-react-jsx-self@https://registry.npmjs.org/@babel/plugin-transform-react-jsx-self/-/plugin-transform-react-jsx-self-7.29.7.tgz. Extracting by manifest.
2426 silly tarball no local data for @eslint-community/eslint-utils@https://registry.npmjs.org/@eslint-community/eslint-utils/-/eslint-utils-4.10.1.tgz. Extracting by manifest.
2427 silly tarball no local data for minimatch@https://registry.npmjs.org/minimatch/-/minimatch-9.0.9.tgz. Extracting by manifest.
2428 silly tarball no local data for is-glob@https://registry.npmjs.org/is-glob/-/is-glob-4.0.3.tgz. Extracting by manifest.
2429 silly tarball no local data for semver@https://registry.npmjs.org/semver/-/semver-7.8.5.tgz. Extracting by manifest.
2430 silly tarball no local data for globby@https://registry.npmjs.org/globby/-/globby-11.1.0.tgz. Extracting by manifest.
2431 silly tarball no local data for @babel/core@https://registry.npmjs.org/@babel/core/-/core-7.29.7.tgz. Extracting by manifest.
2432 silly tarball no local data for debug@https://registry.npmjs.org/debug/-/debug-4.4.3.tgz. Extracting by manifest.
2433 silly tarball no local data for @typescript-eslint/typescript-estree@https://registry.npmjs.org/@typescript-eslint/typescript-estree/-/typescript-estree-7.18.0.tgz. Extracting by manifest.
2434 silly tarball no local data for ts-api-utils@https://registry.npmjs.org/ts-api-utils/-/ts-api-utils-1.4.3.tgz. Extracting by manifest.
2435 silly tarball no local data for ignore@https://registry.npmjs.org/ignore/-/ignore-5.3.2.tgz. Extracting by manifest.
2436 silly tarball no local data for @typescript-eslint/types@https://registry.npmjs.org/@typescript-eslint/types/-/types-7.18.0.tgz. Extracting by manifest.
2437 silly tarball no local data for natural-compare@https://registry.npmjs.org/natural-compare/-/natural-compare-1.4.0.tgz. Extracting by manifest.
2438 silly tarball no local data for graphemer@https://registry.npmjs.org/graphemer/-/graphemer-1.4.0.tgz. Extracting by manifest.
2439 silly tarball no local data for @typescript-eslint/utils@https://registry.npmjs.org/@typescript-eslint/utils/-/utils-7.18.0.tgz. Extracting by manifest.
2440 silly tarball no local data for @typescript-eslint/visitor-keys@https://registry.npmjs.org/@typescript-eslint/visitor-keys/-/visitor-keys-7.18.0.tgz. Extracting by manifest.
2441 silly tarball no local data for @typescript-eslint/scope-manager@https://registry.npmjs.org/@typescript-eslint/scope-manager/-/scope-manager-7.18.0.tgz. Extracting by manifest.
2442 silly tarball no local data for @eslint-community/regexpp@https://registry.npmjs.org/@eslint-community/regexpp/-/regexpp-4.12.2.tgz. Extracting by manifest.
2443 silly tarball no local data for csstype@https://registry.npmjs.org/csstype/-/csstype-3.2.3.tgz. Extracting by manifest.
2444 silly tarball no local data for @typescript-eslint/type-utils@https://registry.npmjs.org/@typescript-eslint/type-utils/-/type-utils-7.18.0.tgz. Extracting by manifest.
2445 silly tarball no local data for @types/prop-types@https://registry.npmjs.org/@types/prop-types/-/prop-types-15.7.15.tgz. Extracting by manifest.
2446 silly tarball no local data for @tanstack/query-core@https://registry.npmjs.org/@tanstack/query-core/-/query-core-5.101.4.tgz. Extracting by manifest.
2447 silly tarball no local data for @monaco-editor/loader@https://registry.npmjs.org/@monaco-editor/loader/-/loader-1.7.0.tgz. Extracting by manifest.
2448 silly tarball no local data for state-local@https://registry.npmjs.org/state-local/-/state-local-1.0.7.tgz. Extracting by manifest.
2449 silly tarball no local data for tailwindcss@https://registry.npmjs.org/tailwindcss/-/tailwindcss-3.4.19.tgz. Extracting by manifest.
2450 silly tarball no local data for typescript@https://registry.npmjs.org/typescript/-/typescript-5.9.3.tgz. Extracting by manifest.
2451 silly tarball no local data for react-hook-form@https://registry.npmjs.org/react-hook-form/-/react-hook-form-7.83.0.tgz. Extracting by manifest.
2452 silly tarball no local data for eslint-plugin-react-refresh@https://registry.npmjs.org/eslint-plugin-react-refresh/-/eslint-plugin-react-refresh-0.4.26.tgz. Extracting by manifest.
2453 silly tarball no local data for axios@https://registry.npmjs.org/axios/-/axios-1.19.0.tgz. Extracting by manifest.
2454 silly tarball no local data for react-router-dom@https://registry.npmjs.org/react-router-dom/-/react-router-dom-6.30.4.tgz. Extracting by manifest.
2455 silly tarball no local data for postcss@https://registry.npmjs.org/postcss/-/postcss-8.5.25.tgz. Extracting by manifest.
2456 silly tarball no local data for lucide-react@https://registry.npmjs.org/lucide-react/-/lucide-react-0.364.0.tgz. Extracting by manifest.
2457 silly tarball no local data for vite@https://registry.npmjs.org/vite/-/vite-5.4.21.tgz. Extracting by manifest.
2458 silly tarball no local data for autoprefixer@https://registry.npmjs.org/autoprefixer/-/autoprefixer-10.5.4.tgz. Extracting by manifest.
2459 silly tarball no local data for @typescript-eslint/parser@https://registry.npmjs.org/@typescript-eslint/parser/-/parser-7.18.0.tgz. Extracting by manifest.
2460 silly tarball no local data for @vitejs/plugin-react@https://registry.npmjs.org/@vitejs/plugin-react/-/plugin-react-4.7.0.tgz. Extracting by manifest.
2461 silly tarball no local data for eslint-plugin-react-hooks@https://registry.npmjs.org/eslint-plugin-react-hooks/-/eslint-plugin-react-hooks-4.6.2.tgz. Extracting by manifest.
2462 silly tarball no local data for eslint@https://registry.npmjs.org/eslint/-/eslint-8.57.1.tgz. Extracting by manifest.
2463 silly tarball no local data for @typescript-eslint/eslint-plugin@https://registry.npmjs.org/@typescript-eslint/eslint-plugin/-/eslint-plugin-7.18.0.tgz. Extracting by manifest.
2464 silly tarball no local data for @types/react@https://registry.npmjs.org/@types/react/-/react-18.3.31.tgz. Extracting by manifest.
2465 silly tarball no local data for @types/react-dom@https://registry.npmjs.org/@types/react-dom/-/react-dom-18.3.7.tgz. Extracting by manifest.
2466 silly tarball no local data for react-dom@https://registry.npmjs.org/react-dom/-/react-dom-18.3.1.tgz. Extracting by manifest.
2467 silly tarball no local data for @tanstack/react-query@https://registry.npmjs.org/@tanstack/react-query/-/react-query-5.101.4.tgz. Extracting by manifest.
2468 silly tarball no local data for react@https://registry.npmjs.org/react/-/react-18.3.1.tgz. Extracting by manifest.
2469 silly tarball no local data for @monaco-editor/react@https://registry.npmjs.org/@monaco-editor/react/-/react-4.7.0.tgz. Extracting by manifest.
2470 silly tarball no local data for glob-parent@https://registry.npmjs.org/glob-parent/-/glob-parent-5.1.2.tgz. Extracting by manifest.
2471 silly tarball no local data for picomatch@https://registry.npmjs.org/picomatch/-/picomatch-4.0.5.tgz. Extracting by manifest.
2472 silly tarball no local data for fdir@https://registry.npmjs.org/fdir/-/fdir-6.5.0.tgz. Extracting by manifest.
2473 silly tarball no local data for brace-expansion@https://registry.npmjs.org/brace-expansion/-/brace-expansion-1.1.18.tgz. Extracting by manifest.
2474 silly tarball no local data for minimatch@https://registry.npmjs.org/minimatch/-/minimatch-3.1.5.tgz. Extracting by manifest.
2475 silly tarball no local data for minimatch@https://registry.npmjs.org/minimatch/-/minimatch-3.1.5.tgz. Extracting by manifest.
2476 silly tarball no local data for brace-expansion@https://registry.npmjs.org/brace-expansion/-/brace-expansion-1.1.18.tgz. Extracting by manifest.
2477 silly tarball no local data for glob-parent@https://registry.npmjs.org/glob-parent/-/glob-parent-5.1.2.tgz. Extracting by manifest.
2478 silly tarball no local data for minimatch@https://registry.npmjs.org/minimatch/-/minimatch-3.1.5.tgz. Extracting by manifest.
2479 silly tarball no local data for semver@https://registry.npmjs.org/semver/-/semver-6.3.1.tgz. Extracting by manifest.
2480 silly tarball no local data for brace-expansion@https://registry.npmjs.org/brace-expansion/-/brace-expansion-1.1.18.tgz. Extracting by manifest.
2481 silly tarball no local data for monaco-editor@https://registry.npmjs.org/monaco-editor/-/monaco-editor-0.56.0.tgz. Extracting by manifest.
2482 silly tarball no local data for semver@https://registry.npmjs.org/semver/-/semver-6.3.1.tgz. Extracting by manifest.
2483 silly tarball no local data for brace-expansion@https://registry.npmjs.org/brace-expansion/-/brace-expansion-1.1.18.tgz. Extracting by manifest.
2484 silly tarball no local data for minimatch@https://registry.npmjs.org/minimatch/-/minimatch-3.1.5.tgz. Extracting by manifest.
2485 http fetch GET 200 https://registry.npmjs.org/concat-map/-/concat-map-0.0.1.tgz 98ms (cache miss)
2486 http fetch GET 200 https://registry.npmjs.org/isexe/-/isexe-2.0.0.tgz 98ms (cache miss)
2487 http fetch GET 200 https://registry.npmjs.org/punycode/-/punycode-2.3.1.tgz 98ms (cache miss)
2488 http fetch GET 200 https://registry.npmjs.org/@types/estree/-/estree-1.0.9.tgz 98ms (cache miss)
2489 http fetch GET 200 https://registry.npmjs.org/esbuild/-/esbuild-0.21.5.tgz 104ms (cache miss)
2490 http fetch GET 200 https://registry.npmjs.org/pirates/-/pirates-4.0.7.tgz 157ms (cache miss)
2491 http fetch GET 200 https://registry.npmjs.org/mz/-/mz-2.7.0.tgz 160ms (cache miss)
2492 http fetch GET 200 https://registry.npmjs.org/object-assign/-/object-assign-4.1.1.tgz 170ms (cache miss)
2493 http fetch GET 200 https://registry.npmjs.org/ts-interface-checker/-/ts-interface-checker-0.1.13.tgz 180ms (cache miss)
2494 http fetch GET 200 https://registry.npmjs.org/commander/-/commander-4.1.1.tgz 189ms (cache miss)
2495 http fetch GET 200 https://registry.npmjs.org/path-parse/-/path-parse-1.0.7.tgz 225ms (cache miss)
2496 http fetch GET 200 https://registry.npmjs.org/is-core-module/-/is-core-module-2.16.2.tgz 236ms (cache miss)
2497 http fetch GET 200 https://registry.npmjs.org/thenify/-/thenify-3.3.1.tgz 246ms (cache miss)
2498 http fetch GET 200 https://registry.npmjs.org/tinyglobby/-/tinyglobby-0.2.17.tgz 250ms (cache miss)
2499 http fetch GET 200 https://registry.npmjs.org/thenify-all/-/thenify-all-1.6.0.tgz 251ms (cache miss)
2500 http fetch GET 200 https://registry.npmjs.org/escalade/-/escalade-3.2.0.tgz 252ms (cache miss)
2501 http fetch GET 200 https://registry.npmjs.org/supports-preserve-symlinks-flag/-/supports-preserve-symlinks-flag-1.0.0.tgz 252ms (cache miss)
2502 http fetch GET 200 https://registry.npmjs.org/util-deprecate/-/util-deprecate-1.0.2.tgz 252ms (cache miss)
2503 http fetch GET 200 https://registry.npmjs.org/any-promise/-/any-promise-1.3.0.tgz 252ms (cache miss)
2504 http fetch GET 200 https://registry.npmjs.org/is-number/-/is-number-7.0.0.tgz 277ms (cache miss)
2505 http fetch GET 200 https://registry.npmjs.org/read-cache/-/read-cache-1.0.0.tgz 287ms (cache miss)
2506 http fetch POST 200 https://registry.npmjs.org/-/npm/v1/security/advisories/bulk 315ms
2507 silly audit report {
2507 silly audit report   vite: [
2507 silly audit report     {
2507 silly audit report       id: 1120784,
2507 silly audit report       url: 'https://github.com/advisories/GHSA-v6wh-96g9-6wx3',
2507 silly audit report       title: 'launch-editor: NTLMv2 hash disclosure via UNC path handling on Windows',
2507 silly audit report       severity: 'moderate',
2507 silly audit report       vulnerable_versions: '<=6.4.2',
2507 silly audit report       cwe: [Array],
2507 silly audit report       cvss: [Object]
2507 silly audit report     },
2507 silly audit report     {
2507 silly audit report       id: 1116229,
2507 silly audit report       url: 'https://github.com/advisories/GHSA-4w7w-66w2-5vf9',
2507 silly audit report       title: 'Vite Vulnerable to Path Traversal in Optimized Deps `.map` Handling',
2507 silly audit report       severity: 'moderate',
2507 silly audit report       vulnerable_versions: '<=6.4.1',
2507 silly audit report       cwe: [Array],
2507 silly audit report       cvss: [Object]
2507 silly audit report     },
2507 silly audit report     {
2507 silly audit report       id: 1123525,
2507 silly audit report       url: 'https://github.com/advisories/GHSA-fx2h-pf6j-xcff',
2507 silly audit report       title: 'vite: `server.fs.deny` bypass on Windows alternate paths',
2507 silly audit report       severity: 'high',
2507 silly audit report       vulnerable_versions: '<=6.4.2',
2507 silly audit report       cwe: [Array],
2507 silly audit report       cvss: [Object]
2507 silly audit report     }
2507 silly audit report   ],
2507 silly audit report   'react-router-dom': [
2507 silly audit report     {
2507 silly audit report       id: 1124270,
2507 silly audit report       url: 'https://github.com/advisories/GHSA-jjmj-jmhj-qwj2',
2507 silly audit report       title: 'React Router: Open redirect leading to XSS',
2507 silly audit report       severity: 'moderate',
2507 silly audit report       vulnerable_versions: '>=6.30.2 <=6.30.4',
2507 silly audit report       cwe: [Array],
2507 silly audit report       cvss: [Object]
2507 silly audit report     }
2507 silly audit report   ],
2507 silly audit report   'brace-expansion': [
2507 silly audit report     {
2507 silly audit report       id: 1124334,
2507 silly audit report       url: 'https://github.com/advisories/GHSA-mh99-v99m-4gvg',
2507 silly audit report       title: 'brace-expansion: DoS via unbounded expansion length causing an out-of-memory process crash',
2507 silly audit report       severity: 'high',
2507 silly audit report       vulnerable_versions: '<=5.0.7',
2507 silly audit report       cwe: [Array],
2507 silly audit report       cvss: [Object]
2507 silly audit report     }
2507 silly audit report   ],
2507 silly audit report   dompurify: [
2507 silly audit report     {
2507 silly audit report       id: 1124022,
2507 silly audit report       url: 'https://github.com/advisories/GHSA-c2j3-45gr-mqc4',
2507 silly audit report       title: 'DOMPurify: `CUSTOM_ELEMENT_HANDLING` bypasses `afterSanitizeElements` for allowed custom elements.',
2507 silly audit report       severity: 'low',
2507 silly audit report       vulnerable_versions: '<=3.4.11',
2507 silly audit report       cwe: [Array],
2507 silly audit report       cvss: [Object]
2507 silly audit report     },
2507 silly audit report     {
2507 silly audit report       id: 1124233,
2507 silly audit report       url: 'https://github.com/advisories/GHSA-cmwh-pvxp-8882',
2507 silly audit report       title: 'DOMPurify: Permanent `ALLOWED_ATTR` pollution via `setConfig()` bypassing the hook clone-guard (incomplete fix of the 3.4.7 hook-pollution patch)',
2507 silly audit report       severity: 'moderate',
2507 silly audit report       vulnerable_versions: '<=3.4.10',
2507 silly audit report       cwe: [Array],
2507 silly audit report       cvss: [Object]
2507 silly audit report     },
2507 silly audit report     {
2507 silly audit report       id: 1124234,
2507 silly audit report       url: 'https://github.com/advisories/GHSA-vxr8-fq34-vvx9',
2507 silly audit report       title: 'DOMPurify: Trusted Types policy survives `clearConfig()` and can poison later `RETURN_TRUSTED_TYPE` output',
2507 silly audit report       severity: 'low',
2507 silly audit report       vulnerable_versions: '<3.4.9',
2507 silly audit report       cwe: [Array],
2507 silly audit report       cvss: [Object]
2507 silly audit report     }
2507 silly audit report   ],
2507 silly audit report   'react-router': [
2507 silly audit report     {
2507 silly audit report       id: 1124268,
2507 silly audit report       url: 'https://github.com/advisories/GHSA-wrjc-x8rr-h8h6',
2507 silly audit report       title: 'React Router: Open redirect via backslash in <Link> and useNavigate (CVE-2025-68470 bypass)',
2507 silly audit report       severity: 'moderate',
2507 silly audit report       vulnerable_versions: '>=6.0.0 <7.18.0',
2507 silly audit report       cwe: [Array],
2507 silly audit report       cvss: [Object]
2507 silly audit report     },
2507 silly audit report     {
2507 silly audit report       id: 1124272,
2507 silly audit report       url: 'https://github.com/advisories/GHSA-337j-9hxr-rhxg',
2507 silly audit report       title: 'React Router: Arbitrary Constructor Injection via deserializeErrors() in React Router SSR Hydration',
2507 silly audit report       severity: 'moderate',
2507 silly audit report       vulnerable_versions: '>=6.4.0 <7.18.0',
2507 silly audit report       cwe: [Array],
2507 silly audit report       cvss: [Object]
2507 silly audit report     }
2507 silly audit report   ],
2507 silly audit report   esbuild: [
2507 silly audit report     {
2507 silly audit report       id: 1102341,
2507 silly audit report       url: 'https://github.com/advisories/GHSA-67mh-4wv8-2f99',
2507 silly audit report       title: 'esbuild enables any website to send any requests to the development server and read the response',
2507 silly audit report       severity: 'moderate',
2507 silly audit report       vulnerable_versions: '<=0.24.2',
2507 silly audit report       cwe: [Array],
2507 silly audit report       cvss: [Object]
2507 silly audit report     }
2507 silly audit report   ]
2507 silly audit report }
2508 silly packumentCache corgi:https://registry.npmjs.org/vite cache-miss
2509 silly packumentCache corgi:https://registry.npmjs.org/react-router-dom cache-miss
2510 silly packumentCache corgi:https://registry.npmjs.org/brace-expansion cache-miss
2511 silly packumentCache corgi:https://registry.npmjs.org/dompurify cache-miss
2512 silly packumentCache corgi:https://registry.npmjs.org/react-router cache-miss
2513 silly packumentCache corgi:https://registry.npmjs.org/esbuild cache-miss
2514 http fetch GET 200 https://registry.npmjs.org/cssesc/-/cssesc-3.0.0.tgz 298ms (cache miss)
2515 http fetch GET 200 https://registry.npmjs.org/pify/-/pify-2.3.0.tgz 299ms (cache miss)
2516 http fetch GET 200 https://registry.npmjs.org/anymatch/-/anymatch-3.1.3.tgz 312ms (cache miss)
2517 http fetch GET 200 https://registry.npmjs.org/is-binary-path/-/is-binary-path-2.1.0.tgz 312ms (cache miss)
2518 http fetch GET 200 https://registry.npmjs.org/camelcase-css/-/camelcase-css-2.0.1.tgz 312ms (cache miss)
2519 http fetch GET 200 https://registry.npmjs.org/readdirp/-/readdirp-3.6.0.tgz 312ms (cache miss)
2520 http fetch GET 200 https://registry.npmjs.org/binary-extensions/-/binary-extensions-2.3.0.tgz 322ms (cache miss)
2521 http fetch GET 200 https://registry.npmjs.org/postcss-selector-parser/-/postcss-selector-parser-6.1.4.tgz 326ms (cache miss)
2522 http fetch GET 200 https://registry.npmjs.org/postcss-nested/-/postcss-nested-6.2.0.tgz 348ms (cache miss)
2523 http fetch GET 200 https://registry.npmjs.org/postcss-load-config/-/postcss-load-config-6.0.1.tgz 354ms (cache miss)
2524 http fetch GET 200 https://registry.npmjs.org/postcss-js/-/postcss-js-4.1.0.tgz 358ms (cache miss)
2525 http fetch GET 200 https://registry.npmjs.org/resolve/-/resolve-1.22.12.tgz 360ms (cache miss)
2526 http fetch GET 200 https://registry.npmjs.org/lines-and-columns/-/lines-and-columns-1.2.4.tgz 362ms (cache miss)
2527 http fetch GET 200 https://registry.npmjs.org/object-hash/-/object-hash-3.0.0.tgz 374ms (cache miss)
2528 http fetch GET 200 https://registry.npmjs.org/normalize-path/-/normalize-path-3.0.0.tgz 380ms (cache miss)
2529 http fetch GET 200 https://registry.npmjs.org/lilconfig/-/lilconfig-3.1.3.tgz 380ms (cache miss)
2530 http fetch GET 200 https://registry.npmjs.org/fsevents/-/fsevents-2.3.3.tgz 385ms (cache miss)
2531 http fetch GET 200 https://registry.npmjs.org/didyoumean/-/didyoumean-1.2.2.tgz 387ms (cache miss)
2532 http fetch GET 200 https://registry.npmjs.org/chokidar/-/chokidar-3.6.0.tgz 394ms (cache miss)
2533 http fetch GET 200 https://registry.npmjs.org/postcss-import/-/postcss-import-15.1.0.tgz 417ms (cache miss)
2534 http fetch GET 200 https://registry.npmjs.org/ansi-regex/-/ansi-regex-5.0.1.tgz 425ms (cache miss)
2535 http fetch GET 200 https://registry.npmjs.org/arg/-/arg-5.0.2.tgz 431ms (cache miss)
2536 http fetch GET 200 https://registry.npmjs.org/shebang-regex/-/shebang-regex-3.0.0.tgz 442ms (cache miss)
2537 http fetch GET 200 https://registry.npmjs.org/has-flag/-/has-flag-4.0.0.tgz 446ms (cache miss)
2538 http fetch GET 200 https://registry.npmjs.org/dlv/-/dlv-1.1.3.tgz 446ms (cache miss)
2539 http fetch GET 200 https://registry.npmjs.org/once/-/once-1.4.0.tgz 452ms (cache miss)
2540 http fetch GET 200 https://registry.npmjs.org/path-is-absolute/-/path-is-absolute-1.0.1.tgz 455ms (cache miss)
2541 http fetch GET 200 https://registry.npmjs.org/queue-microtask/-/queue-microtask-1.2.3.tgz 457ms (cache miss)
2542 http fetch GET 200 https://registry.npmjs.org/sucrase/-/sucrase-3.35.1.tgz 485ms (cache miss)
2543 http fetch GET 200 https://registry.npmjs.org/inflight/-/inflight-1.0.6.tgz 485ms (cache miss)
2544 warn deprecated inflight@1.0.6: This module is not supported, and leaks memory. Do not use it. Check out lru-cache if you want a good and tested way to coalesce async requests by a key value, which is much more comprehensive and powerful.
2545 http fetch GET 200 https://registry.npmjs.org/inherits/-/inherits-2.0.4.tgz 502ms (cache miss)
2546 http fetch GET 200 https://registry.npmjs.org/glob/-/glob-7.2.3.tgz 502ms (cache miss)
2547 warn deprecated glob@7.2.3: Old versions of glob are not supported, and contain widely publicized security vulnerabilities, which have been fixed in the current version. Please update. Support for old versions may be purchased (at exorbitant rates) by contacting i@izs.me
2548 http fetch GET 200 https://registry.npmjs.org/fs.realpath/-/fs.realpath-1.0.0.tgz 508ms (cache miss)
2549 http fetch GET 200 https://registry.npmjs.org/scheduler/-/scheduler-0.23.2.tgz 514ms (cache miss)
2550 http fetch GET 200 https://registry.npmjs.org/nanoid/-/nanoid-3.3.16.tgz 524ms (cache miss)
2551 http fetch GET 200 https://registry.npmjs.org/loose-envify/-/loose-envify-1.4.0.tgz 524ms (cache miss)
2552 http fetch GET 200 https://registry.npmjs.org/fast-levenshtein/-/fast-levenshtein-2.0.6.tgz 583ms (cache miss)
2553 http fetch GET 200 https://registry.npmjs.org/callsites/-/callsites-3.1.0.tgz 585ms (cache miss)
2554 http fetch GET 200 https://registry.npmjs.org/deep-is/-/deep-is-0.1.4.tgz 586ms (cache miss)
2555 http fetch GET 200 https://registry.npmjs.org/yocto-queue/-/yocto-queue-0.1.0.tgz 588ms (cache miss)
2556 http fetch GET 200 https://registry.npmjs.org/word-wrap/-/word-wrap-1.2.5.tgz 592ms (cache miss)
2557 http fetch GET 200 https://registry.npmjs.org/p-limit/-/p-limit-3.1.0.tgz 598ms (cache miss)
2558 http fetch GET 200 https://registry.npmjs.org/@rollup/rollup-darwin-arm64/-/rollup-darwin-arm64-4.62.3.tgz 617ms (cache miss)
2559 http fetch GET 200 https://registry.npmjs.org/source-map-js/-/source-map-js-1.2.1.tgz 613ms (cache miss)
2560 http fetch GET 200 https://registry.npmjs.org/react-router/-/react-router-6.30.4.tgz 620ms (cache miss)
2561 http fetch GET 200 https://registry.npmjs.org/wrappy/-/wrappy-1.0.2.tgz 668ms (cache miss)
2562 http fetch GET 200 https://registry.npmjs.org/mime-db/-/mime-db-1.52.0.tgz 669ms (cache miss)
2563 http fetch GET 200 https://registry.npmjs.org/brace-expansion/-/brace-expansion-2.1.4.tgz 669ms (cache miss)
2564 http fetch GET 200 https://registry.npmjs.org/to-regex-range/-/to-regex-range-5.0.1.tgz 674ms (cache miss)
2565 http fetch GET 200 https://registry.npmjs.org/braces/-/braces-3.0.3.tgz 676ms (cache miss)
2566 http fetch GET 200 https://registry.npmjs.org/@alloc/quick-lru/-/quick-lru-5.2.0.tgz 685ms (cache miss)
2567 http fetch GET 200 https://registry.npmjs.org/balanced-match/-/balanced-match-1.0.2.tgz 694ms (cache miss)
2568 http fetch GET 200 https://registry.npmjs.org/p-locate/-/p-locate-5.0.0.tgz 694ms (cache miss)
2569 http fetch GET 200 https://registry.npmjs.org/marked/-/marked-14.0.0.tgz 741ms (cache miss)
2570 http fetch GET 200 https://registry.npmjs.org/type-check/-/type-check-0.4.0.tgz 747ms (cache miss)
2571 http fetch GET 200 https://registry.npmjs.org/yallist/-/yallist-3.1.1.tgz 755ms (cache miss)
2572 http fetch GET 200 https://registry.npmjs.org/fill-range/-/fill-range-7.1.1.tgz 755ms (cache miss)
2573 http fetch GET 200 https://registry.npmjs.org/@remix-run/router/-/router-1.23.3.tgz 764ms (cache miss)
2574 http fetch GET 200 https://registry.npmjs.org/json-buffer/-/json-buffer-3.0.1.tgz 770ms (cache miss)
2575 http fetch GET 200 https://registry.npmjs.org/prelude-ls/-/prelude-ls-1.2.1.tgz 770ms (cache miss)
2576 http fetch GET 200 https://registry.npmjs.org/parent-module/-/parent-module-1.0.1.tgz 773ms (cache miss)
2577 http fetch GET 200 https://registry.npmjs.org/resolve-from/-/resolve-from-4.0.0.tgz 773ms (cache miss)
2578 http fetch GET 200 https://registry.npmjs.org/dompurify/-/dompurify-3.4.8.tgz 788ms (cache miss)
2579 http fetch GET 200 https://registry.npmjs.org/@types/trusted-types/-/trusted-types-2.0.7.tgz 823ms (cache miss)
2580 http fetch GET 200 https://registry.npmjs.org/is-extglob/-/is-extglob-2.1.1.tgz 845ms (cache miss)
2581 http fetch GET 200 https://registry.npmjs.org/picomatch/-/picomatch-2.3.2.tgz 846ms (cache miss)
2582 http fetch GET 200 https://registry.npmjs.org/slash/-/slash-3.0.0.tgz 850ms (cache miss)
2583 http fetch GET 200 https://registry.npmjs.org/path-type/-/path-type-4.0.0.tgz 850ms (cache miss)
2584 http fetch GET 200 https://registry.npmjs.org/argparse/-/argparse-2.0.1.tgz 854ms (cache miss)
2585 http fetch GET 200 https://registry.npmjs.org/micromatch/-/micromatch-4.0.8.tgz 858ms (cache miss)
2586 http fetch GET 200 https://registry.npmjs.org/agent-base/-/agent-base-6.0.2.tgz 860ms (cache miss)
2587 http fetch GET 200 https://registry.npmjs.org/dir-glob/-/dir-glob-3.0.1.tgz 861ms (cache miss)
2588 http fetch GET 200 https://registry.npmjs.org/array-union/-/array-union-2.1.0.tgz 870ms (cache miss)
2589 http fetch GET 200 https://registry.npmjs.org/merge2/-/merge2-1.4.1.tgz 879ms (cache miss)
2590 http fetch GET 200 https://registry.npmjs.org/jiti/-/jiti-1.21.7.tgz 897ms (cache miss)
2591 http fetch GET 200 https://registry.npmjs.org/type-fest/-/type-fest-0.20.2.tgz 897ms (cache miss)
2592 http fetch GET 200 https://registry.npmjs.org/fast-glob/-/fast-glob-3.3.3.tgz 902ms (cache miss)
2593 http fetch GET 200 https://registry.npmjs.org/math-intrinsics/-/math-intrinsics-1.1.0.tgz 909ms (cache miss)
2594 http fetch GET 200 https://registry.npmjs.org/has-symbols/-/has-symbols-1.1.0.tgz 916ms (cache miss)
2595 http fetch GET 200 https://registry.npmjs.org/es-object-atoms/-/es-object-atoms-1.1.2.tgz 916ms (cache miss)
2596 http fetch GET 200 https://registry.npmjs.org/es-errors/-/es-errors-1.3.0.tgz 918ms (cache miss)
2597 http fetch GET 200 https://registry.npmjs.org/dunder-proto/-/dunder-proto-1.0.1.tgz 919ms (cache miss)
2598 http fetch GET 200 https://registry.npmjs.org/get-proto/-/get-proto-1.0.1.tgz 922ms (cache miss)
2599 http fetch GET 200 https://registry.npmjs.org/call-bind-apply-helpers/-/call-bind-apply-helpers-1.0.2.tgz 922ms (cache miss)
2600 http fetch GET 200 https://registry.npmjs.org/has-tostringtag/-/has-tostringtag-1.0.2.tgz 926ms (cache miss)
2601 http fetch GET 200 https://registry.npmjs.org/es-define-property/-/es-define-property-1.0.1.tgz 935ms (cache miss)
2602 http fetch GET 200 https://registry.npmjs.org/mime-types/-/mime-types-2.1.35.tgz 941ms (cache miss)
2603 http fetch GET 200 https://registry.npmjs.org/delayed-stream/-/delayed-stream-1.0.0.tgz 957ms (cache miss)
2604 http fetch GET 200 https://registry.npmjs.org/hasown/-/hasown-2.0.4.tgz 965ms (cache miss)
2605 http fetch GET 200 https://registry.npmjs.org/gopd/-/gopd-1.2.0.tgz 972ms (cache miss)
2606 http fetch GET 200 https://registry.npmjs.org/keyv/-/keyv-4.5.4.tgz 971ms (cache miss)
2607 http fetch GET 200 https://registry.npmjs.org/flatted/-/flatted-3.4.4.tgz 978ms (cache miss)
2608 http fetch GET 200 https://registry.npmjs.org/es-set-tostringtag/-/es-set-tostringtag-2.1.0.tgz 979ms (cache miss)
2609 http fetch GET 200 https://registry.npmjs.org/path-exists/-/path-exists-4.0.0.tgz 989ms (cache miss)
2610 http fetch GET 200 https://registry.npmjs.org/reusify/-/reusify-1.1.0.tgz 990ms (cache miss)
2611 http fetch GET 200 https://registry.npmjs.org/get-intrinsic/-/get-intrinsic-1.3.0.tgz 991ms (cache miss)
2612 http fetch GET 200 https://registry.npmjs.org/rimraf/-/rimraf-3.0.2.tgz 996ms (cache miss)
2613 warn deprecated rimraf@3.0.2: Rimraf versions prior to v4 are no longer supported
2614 http fetch GET 200 https://registry.npmjs.org/locate-path/-/locate-path-6.0.0.tgz 996ms (cache miss)
2615 http fetch GET 200 https://registry.npmjs.org/asynckit/-/asynckit-0.4.0.tgz 996ms (cache miss)
2616 http fetch GET 200 https://registry.npmjs.org/rollup/-/rollup-4.62.3.tgz 1011ms (cache miss)
2617 http fetch GET 200 https://registry.npmjs.org/esrecurse/-/esrecurse-4.3.0.tgz 1004ms (cache miss)
2618 http fetch GET 200 https://registry.npmjs.org/acorn-jsx/-/acorn-jsx-5.3.2.tgz 1029ms (cache miss)
2619 http fetch GET 200 https://registry.npmjs.org/estraverse/-/estraverse-5.3.0.tgz 1029ms (cache miss)
2620 http fetch GET 200 https://registry.npmjs.org/function-bind/-/function-bind-1.1.2.tgz 1030ms (cache miss)
2621 http fetch GET 200 https://registry.npmjs.org/which/-/which-2.0.2.tgz 1038ms (cache miss)
2622 http fetch GET 200 https://registry.npmjs.org/color-name/-/color-name-1.1.4.tgz 1043ms (cache miss)
2623 http fetch GET 200 https://registry.npmjs.org/path-key/-/path-key-3.1.1.tgz 1055ms (cache miss)
2624 http fetch GET 200 https://registry.npmjs.org/flat-cache/-/flat-cache-3.2.0.tgz 1061ms (cache miss)
2625 http fetch GET 200 https://registry.npmjs.org/shebang-command/-/shebang-command-2.0.0.tgz 1061ms (cache miss)
2626 http fetch GET 200 https://registry.npmjs.org/color-convert/-/color-convert-2.0.1.tgz 1061ms (cache miss)
2627 http fetch GET 200 https://registry.npmjs.org/ansi-styles/-/ansi-styles-4.3.0.tgz 1061ms (cache miss)
2628 http fetch GET 200 https://registry.npmjs.org/supports-color/-/supports-color-7.2.0.tgz 1063ms (cache miss)
2629 http fetch GET 200 https://registry.npmjs.org/combined-stream/-/combined-stream-1.0.8.tgz 1069ms (cache miss)
2630 http fetch GET 200 https://registry.npmjs.org/@humanwhocodes/object-schema/-/object-schema-2.0.3.tgz 1091ms (cache miss)
2631 http fetch GET 200 https://registry.npmjs.org/json-schema-traverse/-/json-schema-traverse-0.4.1.tgz 1091ms (cache miss)
2632 warn deprecated @humanwhocodes/object-schema@2.0.3: Use @eslint/object-schema instead
2633 http fetch GET 200 https://registry.npmjs.org/fastq/-/fastq-1.20.1.tgz 1094ms (cache miss)
2634 http fetch GET 200 https://registry.npmjs.org/acorn/-/acorn-8.18.0.tgz 1100ms (cache miss)
2635 http fetch GET 200 https://registry.npmjs.org/strip-json-comments/-/strip-json-comments-3.1.1.tgz 1105ms (cache miss)
2636 http fetch GET 200 https://registry.npmjs.org/@nodelib/fs.scandir/-/fs.scandir-2.1.5.tgz 1113ms (cache miss)
2637 http fetch GET 200 https://registry.npmjs.org/strip-ansi/-/strip-ansi-6.0.1.tgz 1121ms (cache miss)
2638 http fetch GET 200 https://registry.npmjs.org/import-fresh/-/import-fresh-3.3.1.tgz 1128ms (cache miss)
2639 http fetch GET 200 https://registry.npmjs.org/uri-js/-/uri-js-4.4.1.tgz 1130ms (cache miss)
2640 http fetch GET 200 https://registry.npmjs.org/fast-json-stable-stringify/-/fast-json-stable-stringify-2.1.0.tgz 1131ms (cache miss)
2641 http fetch GET 200 https://registry.npmjs.org/levn/-/levn-0.4.1.tgz 1131ms (cache miss)
2642 http fetch GET 200 https://registry.npmjs.org/text-table/-/text-table-0.2.0.tgz 1131ms (cache miss)
2643 http fetch GET 200 https://registry.npmjs.org/lodash.merge/-/lodash.merge-4.6.2.tgz 1132ms (cache miss)
2644 http fetch GET 200 https://registry.npmjs.org/optionator/-/optionator-0.9.4.tgz 1154ms (cache miss)
2645 http fetch GET 200 https://registry.npmjs.org/run-parallel/-/run-parallel-1.2.0.tgz 1176ms (cache miss)
2646 http fetch GET 200 https://registry.npmjs.org/imurmurhash/-/imurmurhash-0.1.4.tgz 1176ms (cache miss)
2647 http fetch GET 200 https://registry.npmjs.org/json-stable-stringify-without-jsonify/-/json-stable-stringify-without-jsonify-1.0.1.tgz 1180ms (cache miss)
2648 http fetch GET 200 https://registry.npmjs.org/glob-parent/-/glob-parent-6.0.2.tgz 1186ms (cache miss)
2649 http fetch GET 200 https://registry.npmjs.org/globals/-/globals-13.24.0.tgz 1190ms (cache miss)
2650 http fetch GET 200 https://registry.npmjs.org/find-up/-/find-up-5.0.0.tgz 1191ms (cache miss)
2651 http fetch GET 200 https://registry.npmjs.org/@nodelib/fs.stat/-/fs.stat-2.0.5.tgz 1192ms (cache miss)
2652 http fetch GET 200 https://registry.npmjs.org/esutils/-/esutils-2.0.3.tgz 1202ms (cache miss)
2653 http fetch GET 200 https://registry.npmjs.org/file-entry-cache/-/file-entry-cache-6.0.1.tgz 1202ms (cache miss)
2654 http fetch GET 200 https://registry.npmjs.org/espree/-/espree-9.6.1.tgz 1203ms (cache miss)
2655 http fetch GET 200 https://registry.npmjs.org/eslint-scope/-/eslint-scope-7.2.2.tgz 1203ms (cache miss)
2656 http fetch GET 200 https://registry.npmjs.org/is-path-inside/-/is-path-inside-3.0.3.tgz 1223ms (cache miss)
2657 http fetch GET 200 https://registry.npmjs.org/js-yaml/-/js-yaml-4.3.0.tgz 1229ms (cache miss)
2658 http fetch GET 200 https://registry.npmjs.org/escape-string-regexp/-/escape-string-regexp-4.0.0.tgz 1232ms (cache miss)
2659 http fetch GET 200 https://registry.npmjs.org/@ungap/structured-clone/-/structured-clone-1.3.3.tgz 1257ms (cache miss)
2660 http fetch GET 200 https://registry.npmjs.org/node-releases/-/node-releases-2.0.51.tgz 1309ms (cache miss)
2661 http fetch GET 200 https://registry.npmjs.org/ms/-/ms-2.1.3.tgz 1309ms (cache miss)
2662 http fetch GET 200 https://registry.npmjs.org/@humanwhocodes/module-importer/-/module-importer-1.0.1.tgz 1309ms (cache miss)
2663 http fetch GET 200 https://registry.npmjs.org/chalk/-/chalk-4.1.2.tgz 1309ms (cache miss)
2664 http fetch GET 200 https://registry.npmjs.org/@nodelib/fs.walk/-/fs.walk-1.2.8.tgz 1310ms (cache miss)
2665 http fetch GET 200 https://registry.npmjs.org/update-browserslist-db/-/update-browserslist-db-1.2.3.tgz 1309ms (cache miss)
2666 http fetch GET 200 https://registry.npmjs.org/@eslint/js/-/js-8.57.1.tgz 1311ms (cache miss)
2667 http fetch GET 200 https://registry.npmjs.org/doctrine/-/doctrine-3.0.0.tgz 1310ms (cache miss)
2668 http fetch GET 200 https://registry.npmjs.org/@humanwhocodes/config-array/-/config-array-0.13.0.tgz 1310ms (cache miss)
2669 warn deprecated @humanwhocodes/config-array@0.13.0: Use @eslint/config-array instead
2670 http fetch GET 200 https://registry.npmjs.org/esquery/-/esquery-1.7.0.tgz 1319ms (cache miss)
2671 http fetch GET 200 https://registry.npmjs.org/fast-deep-equal/-/fast-deep-equal-3.1.3.tgz 1318ms (cache miss)
2672 http fetch GET 200 https://registry.npmjs.org/electron-to-chromium/-/electron-to-chromium-1.5.398.tgz 1334ms (cache miss)
2673 http fetch GET 200 https://registry.npmjs.org/follow-redirects/-/follow-redirects-1.16.0.tgz 1344ms (cache miss)
2674 http fetch GET 200 https://registry.npmjs.org/form-data/-/form-data-4.0.6.tgz 1344ms (cache miss)
2675 http fetch GET 200 https://registry.npmjs.org/proxy-from-env/-/proxy-from-env-2.1.0.tgz 1346ms (cache miss)
2676 http fetch GET 200 https://registry.npmjs.org/https-proxy-agent/-/https-proxy-agent-5.0.1.tgz 1349ms (cache miss)
2677 http fetch GET 200 https://registry.npmjs.org/baseline-browser-mapping/-/baseline-browser-mapping-2.11.8.tgz 1352ms (cache miss)
2678 http fetch GET 200 https://registry.npmjs.org/postcss-value-parser/-/postcss-value-parser-4.2.0.tgz 1353ms (cache miss)
2679 http fetch GET 200 https://registry.npmjs.org/fraction.js/-/fraction.js-5.3.4.tgz 1366ms (cache miss)
2680 http fetch GET 200 https://registry.npmjs.org/cross-spawn/-/cross-spawn-7.0.6.tgz 1368ms (cache miss)
2681 http fetch GET 200 https://registry.npmjs.org/@types/babel__traverse/-/babel__traverse-7.28.0.tgz 1396ms (cache miss)
2682 http fetch GET 200 https://registry.npmjs.org/@jridgewell/resolve-uri/-/resolve-uri-3.1.2.tgz 1396ms (cache miss)
2683 http fetch GET 200 https://registry.npmjs.org/@types/babel__template/-/babel__template-7.4.4.tgz 1400ms (cache miss)
2684 http fetch GET 200 https://registry.npmjs.org/@types/babel__generator/-/babel__generator-7.27.0.tgz 1413ms (cache miss)
2685 http fetch GET 200 https://registry.npmjs.org/@babel/helper-string-parser/-/helper-string-parser-7.29.7.tgz 1419ms (cache miss)
2686 http fetch GET 200 https://registry.npmjs.org/@babel/helper-plugin-utils/-/helper-plugin-utils-7.29.7.tgz 1419ms (cache miss)
2687 http fetch GET 200 https://registry.npmjs.org/@jridgewell/sourcemap-codec/-/sourcemap-codec-1.5.5.tgz 1425ms (cache miss)
2688 http fetch GET 200 https://registry.npmjs.org/@babel/helper-module-imports/-/helper-module-imports-7.29.7.tgz 1433ms (cache miss)
2689 http fetch GET 200 https://registry.npmjs.org/ajv/-/ajv-6.15.0.tgz 1440ms (cache miss)
2690 http fetch GET 200 https://registry.npmjs.org/browserslist/-/browserslist-4.28.7.tgz 1438ms (cache miss)
2691 http fetch GET 200 https://registry.npmjs.org/@babel/helper-validator-option/-/helper-validator-option-7.29.7.tgz 1442ms (cache miss)
2692 http fetch GET 200 https://registry.npmjs.org/lru-cache/-/lru-cache-5.1.1.tgz 1470ms (cache miss)
2693 http fetch GET 200 https://registry.npmjs.org/jsesc/-/jsesc-3.1.0.tgz 1471ms (cache miss)
2694 http fetch GET 200 https://registry.npmjs.org/picocolors/-/picocolors-1.1.1.tgz 1484ms (cache miss)
2695 http fetch GET 200 https://registry.npmjs.org/js-tokens/-/js-tokens-4.0.0.tgz 1497ms (cache miss)
2696 http fetch GET 200 https://registry.npmjs.org/gensync/-/gensync-1.0.0-beta.2.tgz 1497ms (cache miss)
2697 http fetch GET 200 https://registry.npmjs.org/convert-source-map/-/convert-source-map-2.0.0.tgz 1506ms (cache miss)
2698 http fetch GET 200 https://registry.npmjs.org/json5/-/json5-2.2.3.tgz 1516ms (cache miss)
2699 http fetch GET 200 https://registry.npmjs.org/@jridgewell/gen-mapping/-/gen-mapping-0.3.13.tgz 1534ms (cache miss)
2700 http fetch GET 200 https://registry.npmjs.org/@jridgewell/remapping/-/remapping-2.3.5.tgz 1554ms (cache miss)
2701 http fetch GET 200 https://registry.npmjs.org/@babel/helpers/-/helpers-7.29.7.tgz 1602ms (cache miss)
2702 http fetch GET 200 https://registry.npmjs.org/@babel/template/-/template-7.29.7.tgz 1615ms (cache miss)
2703 http fetch GET 200 https://registry.npmjs.org/@babel/helper-module-transforms/-/helper-module-transforms-7.29.7.tgz 1616ms (cache miss)
2704 http fetch GET 200 https://registry.npmjs.org/@jridgewell/trace-mapping/-/trace-mapping-0.3.31.tgz 1626ms (cache miss)
2705 http fetch GET 200 https://registry.npmjs.org/@babel/helper-compilation-targets/-/helper-compilation-targets-7.29.7.tgz 1641ms (cache miss)
2706 http fetch GET 200 https://registry.npmjs.org/@babel/generator/-/generator-7.29.7.tgz 1665ms (cache miss)
2707 http fetch GET 200 https://registry.npmjs.org/caniuse-lite/-/caniuse-lite-1.0.30001806.tgz 1679ms (cache miss)
2708 http fetch GET 200 https://registry.npmjs.org/@babel/traverse/-/traverse-7.29.7.tgz 1680ms (cache miss)
2709 http fetch GET 200 https://registry.npmjs.org/react-refresh/-/react-refresh-0.17.0.tgz 1686ms (cache miss)
2710 http fetch GET 200 https://registry.npmjs.org/@eslint/eslintrc/-/eslintrc-2.1.4.tgz 1689ms (cache miss)
2711 http fetch GET 200 https://registry.npmjs.org/@babel/helper-globals/-/helper-globals-7.29.7.tgz 1691ms (cache miss)
2712 http fetch GET 200 https://registry.npmjs.org/@types/babel__core/-/babel__core-7.20.5.tgz 1715ms (cache miss)
2713 http fetch GET 200 https://registry.npmjs.org/@babel/code-frame/-/code-frame-7.29.7.tgz 1719ms (cache miss)
2714 http fetch GET 200 https://registry.npmjs.org/eslint-visitor-keys/-/eslint-visitor-keys-3.4.3.tgz 1723ms (cache miss)
2715 http fetch GET 200 https://registry.npmjs.org/@babel/plugin-transform-react-jsx-source/-/plugin-transform-react-jsx-source-7.29.7.tgz 1723ms (cache miss)
2716 http fetch GET 200 https://registry.npmjs.org/@babel/helper-validator-identifier/-/helper-validator-identifier-7.29.7.tgz 1750ms (cache miss)
2717 http fetch GET 200 https://registry.npmjs.org/@babel/compat-data/-/compat-data-7.29.7.tgz 1759ms (cache miss)
2718 http fetch GET 200 https://registry.npmjs.org/globby/-/globby-11.1.0.tgz 1773ms (cache miss)
2719 http fetch GET 200 https://registry.npmjs.org/@babel/plugin-transform-react-jsx-self/-/plugin-transform-react-jsx-self-7.29.7.tgz 1785ms (cache miss)
2720 http fetch GET 200 https://registry.npmjs.org/is-glob/-/is-glob-4.0.3.tgz 1785ms (cache miss)
2721 http fetch GET 200 https://registry.npmjs.org/minimatch/-/minimatch-9.0.9.tgz 1792ms (cache miss)
2722 http fetch GET 200 https://registry.npmjs.org/semver/-/semver-7.8.5.tgz 1793ms (cache miss)
2723 http fetch GET 200 https://registry.npmjs.org/debug/-/debug-4.4.3.tgz 1802ms (cache miss)
2724 http fetch GET 200 https://registry.npmjs.org/@eslint-community/eslint-utils/-/eslint-utils-4.10.1.tgz 1807ms (cache miss)
2725 http fetch GET 200 https://registry.npmjs.org/@typescript-eslint/typescript-estree/-/typescript-estree-7.18.0.tgz 1827ms (cache miss)
2726 http fetch GET 200 https://registry.npmjs.org/ignore/-/ignore-5.3.2.tgz 1830ms (cache miss)
2727 http fetch GET 200 https://registry.npmjs.org/ts-api-utils/-/ts-api-utils-1.4.3.tgz 1833ms (cache miss)
2728 http fetch GET 200 https://registry.npmjs.org/@babel/parser/-/parser-7.29.7.tgz 1879ms (cache miss)
2729 http fetch GET 200 https://registry.npmjs.org/natural-compare/-/natural-compare-1.4.0.tgz 1899ms (cache miss)
2730 http fetch GET 200 https://registry.npmjs.org/@types/prop-types/-/prop-types-15.7.15.tgz 1920ms (cache miss)
2731 http fetch GET 200 https://registry.npmjs.org/@typescript-eslint/visitor-keys/-/visitor-keys-7.18.0.tgz 1927ms (cache miss)
2732 http fetch GET 200 https://registry.npmjs.org/@typescript-eslint/type-utils/-/type-utils-7.18.0.tgz 1935ms (cache miss)
2733 http fetch GET 200 https://registry.npmjs.org/@eslint-community/regexpp/-/regexpp-4.12.2.tgz 1939ms (cache miss)
2734 http fetch GET 200 https://registry.npmjs.org/csstype/-/csstype-3.2.3.tgz 1949ms (cache miss)
2735 http fetch GET 200 https://registry.npmjs.org/@babel/types/-/types-7.29.7.tgz 1961ms (cache miss)
2736 http fetch GET 200 https://registry.npmjs.org/@rolldown/pluginutils/-/pluginutils-1.0.0-beta.27.tgz 1985ms (cache miss)
2737 http fetch GET 200 https://registry.npmjs.org/graphemer/-/graphemer-1.4.0.tgz 1992ms (cache miss)
2738 http fetch GET 200 https://registry.npmjs.org/eslint-plugin-react-refresh/-/eslint-plugin-react-refresh-0.4.26.tgz 2013ms (cache miss)
2739 http fetch GET 200 https://registry.npmjs.org/state-local/-/state-local-1.0.7.tgz 2018ms (cache miss)
2740 http fetch GET 200 https://registry.npmjs.org/@babel/core/-/core-7.29.7.tgz 2166ms (cache miss)
2741 http fetch GET 200 https://registry.npmjs.org/postcss/-/postcss-8.5.25.tgz 2323ms (cache miss)
2742 http fetch GET 200 https://registry.npmjs.org/@typescript-eslint/parser/-/parser-7.18.0.tgz 2457ms (cache miss)
2743 http fetch GET 200 https://registry.npmjs.org/@monaco-editor/loader/-/loader-1.7.0.tgz 2502ms (cache miss)
2744 http fetch GET 200 https://registry.npmjs.org/@typescript-eslint/scope-manager/-/scope-manager-7.18.0.tgz 2690ms (cache miss)
2745 http fetch GET 200 https://registry.npmjs.org/autoprefixer/-/autoprefixer-10.5.4.tgz 2733ms (cache miss)
2746 http fetch GET 200 https://registry.npmjs.org/@vitejs/plugin-react/-/plugin-react-4.7.0.tgz 2805ms (cache miss)
2747 http fetch GET 200 https://registry.npmjs.org/eslint-plugin-react-hooks/-/eslint-plugin-react-hooks-4.6.2.tgz 2825ms (cache miss)
2748 http fetch GET 200 https://registry.npmjs.org/@typescript-eslint/types/-/types-7.18.0.tgz 3236ms (cache miss)
2749 http fetch GET 200 https://registry.npmjs.org/@types/react/-/react-18.3.31.tgz 3312ms (cache miss)
2750 http fetch GET 200 https://registry.npmjs.org/@types/react-dom/-/react-dom-18.3.7.tgz 3378ms (cache miss)
2751 http fetch GET 200 https://registry.npmjs.org/@typescript-eslint/eslint-plugin/-/eslint-plugin-7.18.0.tgz 3427ms (cache miss)
2752 http fetch GET 200 https://registry.npmjs.org/react-hook-form/-/react-hook-form-7.83.0.tgz 3580ms (cache miss)
2753 http fetch GET 200 https://registry.npmjs.org/glob-parent/-/glob-parent-5.1.2.tgz 3643ms (cache miss)
2754 http fetch GET 200 https://registry.npmjs.org/@typescript-eslint/utils/-/utils-7.18.0.tgz 3670ms (cache miss)
2755 http fetch GET 200 https://registry.npmjs.org/axios/-/axios-1.19.0.tgz 3777ms (cache miss)
2756 http fetch GET 200 https://registry.npmjs.org/vite/-/vite-5.4.21.tgz 3788ms (cache miss)
2757 http fetch GET 200 https://registry.npmjs.org/picomatch/-/picomatch-4.0.5.tgz 3788ms (cache miss)
2758 http fetch GET 200 https://registry.npmjs.org/fdir/-/fdir-6.5.0.tgz 3833ms (cache miss)
2759 http fetch GET 200 https://registry.npmjs.org/@tanstack/react-query/-/react-query-5.101.4.tgz 3838ms (cache miss)
2760 http fetch GET 200 https://registry.npmjs.org/react-router-dom/-/react-router-dom-6.30.4.tgz 3841ms (cache miss)
2761 http fetch GET 200 https://registry.npmjs.org/brace-expansion/-/brace-expansion-1.1.18.tgz 3868ms (cache miss)
2762 http fetch GET 200 https://registry.npmjs.org/minimatch/-/minimatch-3.1.5.tgz 3883ms (cache miss)
2763 http fetch GET 200 https://registry.npmjs.org/minimatch/-/minimatch-3.1.5.tgz 3885ms (cache miss)
2764 http fetch GET 200 https://registry.npmjs.org/brace-expansion/-/brace-expansion-1.1.18.tgz 3892ms (cache miss)
2765 http fetch GET 200 https://registry.npmjs.org/minimatch/-/minimatch-3.1.5.tgz 3949ms (cache miss)
2766 http fetch GET 200 https://registry.npmjs.org/glob-parent/-/glob-parent-5.1.2.tgz 3950ms (cache miss)
2767 http fetch GET 200 https://registry.npmjs.org/semver/-/semver-6.3.1.tgz 3976ms (cache miss)
2768 http fetch GET 200 https://registry.npmjs.org/semver/-/semver-6.3.1.tgz 4019ms (cache miss)
2769 http fetch GET 200 https://registry.npmjs.org/brace-expansion/-/brace-expansion-1.1.18.tgz 4039ms (cache miss)
2770 http fetch GET 200 https://registry.npmjs.org/brace-expansion 3783ms (cache miss)
2771 silly packumentCache corgi:https://registry.npmjs.org/brace-expansion set size:undefined disposed:false
2772 http fetch GET 200 https://registry.npmjs.org/@tanstack/query-core/-/query-core-5.101.4.tgz 4121ms (cache miss)
2773 http fetch GET 200 https://registry.npmjs.org/@monaco-editor/react/-/react-4.7.0.tgz 4152ms (cache miss)
2774 http fetch GET 200 https://registry.npmjs.org/tailwindcss/-/tailwindcss-3.4.19.tgz 4160ms (cache miss)
2775 http fetch GET 200 https://registry.npmjs.org/minimatch/-/minimatch-3.1.5.tgz 4154ms (cache miss)
2776 http fetch GET 200 https://registry.npmjs.org/dompurify 4156ms (cache miss)
2777 silly packumentCache corgi:https://registry.npmjs.org/dompurify set size:undefined disposed:false
2778 http fetch GET 200 https://registry.npmjs.org/brace-expansion/-/brace-expansion-1.1.18.tgz 4507ms (cache miss)
2779 http fetch GET 200 https://registry.npmjs.org/esbuild 4289ms (cache miss)
2780 silly packumentCache corgi:https://registry.npmjs.org/esbuild set size:undefined disposed:false
2781 http fetch GET 200 https://registry.npmjs.org/react/-/react-18.3.1.tgz 4726ms (cache miss)
2782 http fetch GET 200 https://registry.npmjs.org/eslint/-/eslint-8.57.1.tgz 4833ms (cache miss)
2783 warn deprecated eslint@8.57.1: This version is no longer supported. Please see https://eslint.org/version-support for other options.
2784 http fetch GET 200 https://registry.npmjs.org/lucide-react/-/lucide-react-0.364.0.tgz 4864ms (cache miss)
2785 http fetch GET 200 https://registry.npmjs.org/vite 4585ms (cache miss)
2786 silly packumentCache corgi:https://registry.npmjs.org/vite set size:undefined disposed:false
2787 http fetch GET 200 https://registry.npmjs.org/@esbuild/darwin-arm64/-/darwin-arm64-0.21.5.tgz 5394ms (cache miss)
2788 http fetch GET 200 https://registry.npmjs.org/react-router-dom 5142ms (cache miss)
2789 silly packumentCache corgi:https://registry.npmjs.org/react-router-dom set size:undefined disposed:false
2790 http fetch GET 200 https://registry.npmjs.org/react-router 5245ms (cache miss)
2791 silly packumentCache corgi:https://registry.npmjs.org/react-router set size:undefined disposed:false
2792 silly packumentCache corgi:https://registry.npmjs.org/@vitejs%2fplugin-react cache-miss
2793 http fetch GET 200 https://registry.npmjs.org/@vitejs%2fplugin-react 111ms (cache miss)
2794 silly packumentCache corgi:https://registry.npmjs.org/@vitejs%2fplugin-react set size:undefined disposed:false
2795 silly packumentCache corgi:https://registry.npmjs.org/minimatch cache-miss
2796 http fetch GET 200 https://registry.npmjs.org/minimatch 769ms (cache miss)
2797 silly packumentCache corgi:https://registry.npmjs.org/minimatch set size:undefined disposed:false
2798 silly packumentCache corgi:https://registry.npmjs.org/monaco-editor cache-miss
2799 http fetch GET 200 https://registry.npmjs.org/react-dom/-/react-dom-18.3.1.tgz 6759ms (cache miss)
2800 http fetch GET 200 https://registry.npmjs.org/typescript/-/typescript-5.9.3.tgz 6800ms (cache miss)
2801 http fetch GET 200 https://registry.npmjs.org/monaco-editor 1808ms (cache miss)
2802 silly packumentCache corgi:https://registry.npmjs.org/monaco-editor set size:undefined disposed:false
2803 silly packumentCache corgi:https://registry.npmjs.org/@typescript-eslint%2ftypescript-estree cache-miss
2804 silly packumentCache corgi:https://registry.npmjs.org/eslint cache-miss
2805 silly packumentCache corgi:https://registry.npmjs.org/@eslint%2feslintrc cache-miss
2806 silly packumentCache corgi:https://registry.npmjs.org/@humanwhocodes%2fconfig-array cache-miss
2807 silly packumentCache corgi:https://registry.npmjs.org/glob cache-miss
2808 http fetch GET 200 https://registry.npmjs.org/@humanwhocodes%2fconfig-array 141ms (cache miss)
2809 silly packumentCache corgi:https://registry.npmjs.org/@humanwhocodes%2fconfig-array set size:undefined disposed:false
2810 http fetch GET 200 https://registry.npmjs.org/@eslint%2feslintrc 183ms (cache miss)
2811 silly packumentCache corgi:https://registry.npmjs.org/@eslint%2feslintrc set size:undefined disposed:false
2812 http fetch GET 200 https://registry.npmjs.org/glob 185ms (cache miss)
2813 silly packumentCache corgi:https://registry.npmjs.org/glob set size:undefined disposed:false
2814 http fetch GET 200 https://registry.npmjs.org/eslint 254ms (cache miss)
2815 silly packumentCache corgi:https://registry.npmjs.org/eslint set size:undefined disposed:false
2816 http fetch GET 200 https://registry.npmjs.org/@typescript-eslint%2ftypescript-estree 3996ms (cache miss)
2817 silly packumentCache corgi:https://registry.npmjs.org/@typescript-eslint%2ftypescript-estree set size:undefined disposed:false
2818 silly packumentCache corgi:https://registry.npmjs.org/@monaco-editor%2freact cache-miss
2819 http fetch GET 200 https://registry.npmjs.org/@monaco-editor%2freact 480ms (cache miss)
2820 silly packumentCache corgi:https://registry.npmjs.org/@monaco-editor%2freact set size:undefined disposed:false
2821 silly packumentCache corgi:https://registry.npmjs.org/rimraf cache-miss
2822 http fetch GET 200 https://registry.npmjs.org/rimraf 122ms (cache miss)
2823 silly packumentCache corgi:https://registry.npmjs.org/rimraf set size:undefined disposed:false
2824 silly packumentCache corgi:https://registry.npmjs.org/@typescript-eslint%2feslint-plugin cache-miss
2825 silly packumentCache corgi:https://registry.npmjs.org/@typescript-eslint%2fparser cache-miss
2826 silly packumentCache corgi:https://registry.npmjs.org/eslint-plugin-react-hooks cache-miss
2827 silly packumentCache corgi:https://registry.npmjs.org/eslint-plugin-react-refresh cache-miss
2828 silly packumentCache corgi:https://registry.npmjs.org/@typescript-eslint%2ftype-utils cache-miss
2829 silly packumentCache corgi:https://registry.npmjs.org/@typescript-eslint%2futils cache-miss
2830 silly packumentCache corgi:https://registry.npmjs.org/@eslint-community%2feslint-utils cache-miss
2831 http fetch GET 200 https://registry.npmjs.org/eslint-plugin-react-refresh 312ms (cache miss)
2832 silly packumentCache corgi:https://registry.npmjs.org/eslint-plugin-react-refresh set size:undefined disposed:false
2833 http fetch GET 200 https://registry.npmjs.org/monaco-editor/-/monaco-editor-0.56.0.tgz 13695ms (cache miss)
2834 info run fsevents@2.3.3 install node_modules/fsevents node-gyp rebuild
2835 http fetch GET 200 https://registry.npmjs.org/@eslint-community%2feslint-utils 410ms (cache miss)
2836 silly packumentCache corgi:https://registry.npmjs.org/@eslint-community%2feslint-utils set size:undefined disposed:false
2837 info run fsevents@2.3.3 install { code: 1, signal: null }
2838 verbose reify failed optional dependency /Users/sachingopalakrishnan/PasteBin/pasteflow/frontend/node_modules/fsevents
2839 silly reify mark deleted [
2839 silly reify   '/Users/sachingopalakrishnan/PasteBin/pasteflow/frontend/node_modules/fsevents'
2839 silly reify ]
2840 info run esbuild@0.21.5 postinstall node_modules/esbuild node install.js
2841 info run esbuild@0.21.5 postinstall { code: 0, signal: null }
2842 http fetch GET 200 https://registry.npmjs.org/@typescript-eslint%2futils 1297ms (cache miss)
2843 silly packumentCache corgi:https://registry.npmjs.org/@typescript-eslint%2futils set size:undefined disposed:false
2844 http fetch GET 200 https://registry.npmjs.org/@typescript-eslint%2fparser 2252ms (cache miss)
2845 silly packumentCache corgi:https://registry.npmjs.org/@typescript-eslint%2fparser set size:undefined disposed:false
2846 http fetch GET 200 https://registry.npmjs.org/@typescript-eslint%2ftype-utils 2384ms (cache miss)
2847 silly packumentCache corgi:https://registry.npmjs.org/@typescript-eslint%2ftype-utils set size:undefined disposed:false
2848 http fetch GET 200 https://registry.npmjs.org/@typescript-eslint%2feslint-plugin 3392ms (cache miss)
2849 silly packumentCache corgi:https://registry.npmjs.org/@typescript-eslint%2feslint-plugin set size:undefined disposed:false
2850 http fetch GET 200 https://registry.npmjs.org/eslint-plugin-react-hooks 6273ms (cache miss)
2851 silly packumentCache corgi:https://registry.npmjs.org/eslint-plugin-react-hooks set size:undefined disposed:false
2852 silly packumentCache corgi:https://registry.npmjs.org/flat-cache cache-miss
2853 http fetch GET 200 https://registry.npmjs.org/flat-cache 85ms (cache miss)
2854 silly packumentCache corgi:https://registry.npmjs.org/flat-cache set size:undefined disposed:false
2855 silly packumentCache corgi:https://registry.npmjs.org/file-entry-cache cache-miss
2856 http fetch GET 200 https://registry.npmjs.org/file-entry-cache 86ms (cache miss)
2857 silly packumentCache corgi:https://registry.npmjs.org/file-entry-cache set size:undefined disposed:false
2858 silly ADD node_modules/concat-map
2859 silly ADD node_modules/isexe
2860 silly ADD node_modules/@types/estree
2861 silly ADD
2862 silly ADD
2863 silly ADD
2864 silly ADD
2865 silly ADD
2866 silly ADD
2867 silly ADD
2868 silly ADD
2869 silly ADD
2870 silly ADD
2871 silly ADD
2872 silly ADD
2873 silly ADD
2874 silly ADD
2875 silly ADD
2876 silly ADD
2877 silly ADD
2878 silly ADD
2879 silly ADD
2880 silly ADD
2881 silly ADD
2882 silly ADD
2883 silly ADD node_modules/@rollup/rollup-darwin-arm64
2884 silly ADD
2885 silly ADD
2886 silly ADD
2887 silly ADD
2888 silly ADD
2889 silly ADD
2890 silly ADD
2891 silly ADD
2892 silly ADD
2893 silly ADD
2894 silly ADD
2895 silly ADD
2896 silly ADD
2897 silly ADD
2898 silly ADD
2899 silly ADD
2900 silly ADD
2901 silly ADD
2902 silly ADD
2903 silly ADD
2904 silly ADD node_modules/@esbuild/darwin-arm64
2905 silly ADD
2906 silly ADD
2907 silly ADD
2908 silly ADD
2909 silly ADD node_modules/rollup
2910 silly ADD node_modules/esbuild
2911 silly ADD node_modules/punycode
2912 silly ADD node_modules/escalade
2913 silly ADD node_modules/is-number
2914 silly ADD node_modules/thenify
2915 silly ADD node_modules/thenify-all
2916 silly ADD node_modules/object-assign
2917 silly ADD node_modules/any-promise
2918 silly ADD node_modules/ts-interface-checker
2919 silly ADD node_modules/tinyglobby
2920 silly ADD node_modules/tinyglobby/node_modules/picomatch
2921 silly ADD node_modules/tinyglobby/node_modules/fdir
2922 silly ADD node_modules/pirates
2923 silly ADD node_modules/mz
2924 silly ADD node_modules/lines-and-columns
2925 silly ADD node_modules/commander
2926 silly ADD node_modules/supports-preserve-symlinks-flag
2927 silly ADD node_modules/path-parse
2928 silly ADD node_modules/is-core-module
2929 silly ADD node_modules/pify
2930 silly ADD node_modules/util-deprecate
2931 silly ADD node_modules/cssesc
2932 silly ADD node_modules/camelcase-css
2933 silly ADD node_modules/read-cache
2934 silly ADD node_modules/binary-extensions
2935 silly ADD node_modules/readdirp
2936 silly ADD node_modules/is-binary-path
2937 silly ADD
2938 silly ADD node_modules/anymatch
2939 silly ADD node_modules/sucrase
2940 silly ADD node_modules/resolve
2941 silly ADD node_modules/postcss-selector-parser
2942 silly ADD node_modules/postcss-nested
2943 silly ADD node_modules/postcss-load-config
2944 silly ADD node_modules/postcss-js
2945 silly ADD node_modules/postcss-import
2946 silly ADD node_modules/object-hash
2947 silly ADD node_modules/normalize-path
2948 silly ADD node_modules/lilconfig
2949 silly ADD node_modules/jiti
2950 silly ADD node_modules/dlv
2951 silly ADD node_modules/didyoumean
2952 silly ADD node_modules/chokidar
2953 silly ADD node_modules/chokidar/node_modules/glob-parent
2954 silly ADD node_modules/arg
2955 silly ADD node_modules/@alloc/quick-lru
2956 silly ADD node_modules/has-flag
2957 silly ADD node_modules/ansi-regex
2958 silly ADD node_modules/shebang-regex
2959 silly ADD node_modules/queue-microtask
2960 silly ADD node_modules/wrappy
2961 silly ADD node_modules/path-is-absolute
2962 silly ADD node_modules/once
2963 silly ADD node_modules/inherits
2964 silly ADD node_modules/inflight
2965 silly ADD node_modules/fs.realpath
2966 silly ADD node_modules/glob
2967 silly ADD node_modules/glob/node_modules/brace-expansion
2968 silly ADD node_modules/glob/node_modules/minimatch
2969 silly ADD node_modules/react-router
2970 silly ADD node_modules/@remix-run/router
2971 silly ADD node_modules/scheduler
2972 silly ADD node_modules/loose-envify
2973 silly ADD node_modules/source-map-js
2974 silly ADD node_modules/nanoid
2975 silly ADD node_modules/callsites
2976 silly ADD node_modules/yocto-queue
2977 silly ADD node_modules/p-limit
2978 silly ADD node_modules/word-wrap
2979 silly ADD node_modules/fast-levenshtein
2980 silly ADD node_modules/deep-is
2981 silly ADD node_modules/@types/trusted-types
2982 silly ADD node_modules/marked
2983 silly ADD node_modules/dompurify
2984 silly ADD node_modules/balanced-match
2985 silly ADD node_modules/brace-expansion
2986 silly ADD node_modules/mime-db
2987 silly ADD node_modules/to-regex-range
2988 silly ADD node_modules/fill-range
2989 silly ADD node_modules/picomatch
2990 silly ADD node_modules/braces
2991 silly ADD node_modules/yallist
2992 silly ADD node_modules/p-locate
2993 silly ADD node_modules/type-check
2994 silly ADD node_modules/prelude-ls
2995 silly ADD node_modules/json-buffer
2996 silly ADD node_modules/argparse
2997 silly ADD node_modules/is-extglob
2998 silly ADD node_modules/resolve-from
2999 silly ADD node_modules/parent-module
3000 silly ADD node_modules/agent-base
3001 silly ADD node_modules/micromatch
3002 silly ADD node_modules/path-type
3003 silly ADD node_modules/slash
3004 silly ADD node_modules/merge2
3005 silly ADD node_modules/fast-glob
3006 silly ADD node_modules/fast-glob/node_modules/glob-parent
3007 silly ADD node_modules/dir-glob
3008 silly ADD node_modules/array-union
3009 silly ADD node_modules/type-fest
3010 silly ADD node_modules/dunder-proto
3011 silly ADD node_modules/math-intrinsics
3012 silly ADD node_modules/has-symbols
3013 silly ADD node_modules/gopd
3014 silly ADD node_modules/get-proto
3015 silly ADD node_modules/function-bind
3016 silly ADD node_modules/es-object-atoms
3017 silly ADD node_modules/es-define-property
3018 silly ADD node_modules/call-bind-apply-helpers
3019 silly ADD node_modules/has-tostringtag
3020 silly ADD node_modules/get-intrinsic
3021 silly ADD node_modules/es-errors
3022 silly ADD node_modules/delayed-stream
3023 silly ADD node_modules/mime-types
3024 silly ADD node_modules/hasown
3025 silly ADD node_modules/es-set-tostringtag
3026 silly ADD node_modules/combined-stream
3027 silly ADD node_modules/asynckit
3028 silly ADD node_modules/rimraf
3029 silly ADD node_modules/keyv
3030 silly ADD node_modules/flatted
3031 silly ADD node_modules/path-exists
3032 silly ADD node_modules/locate-path
3033 silly ADD node_modules/flat-cache
3034 silly ADD node_modules/reusify
3035 silly ADD node_modules/acorn-jsx
3036 silly ADD node_modules/acorn
3037 silly ADD node_modules/estraverse
3038 silly ADD node_modules/esrecurse
3039 silly ADD node_modules/which
3040 silly ADD node_modules/shebang-command
3041 silly ADD node_modules/path-key
3042 silly ADD node_modules/color-name
3043 silly ADD node_modules/color-convert
3044 silly ADD node_modules/supports-color
3045 silly ADD node_modules/ansi-styles
3046 silly ADD node_modules/uri-js
3047 silly ADD node_modules/json-schema-traverse
3048 silly ADD node_modules/fast-json-stable-stringify
3049 silly ADD node_modules/run-parallel
3050 silly ADD node_modules/@nodelib/fs.stat
3051 silly ADD node_modules/fastq
3052 silly ADD node_modules/@nodelib/fs.scandir
3053 silly ADD node_modules/@humanwhocodes/object-schema
3054 silly ADD node_modules/strip-json-comments
3055 silly ADD node_modules/import-fresh
3056 silly ADD node_modules/text-table
3057 silly ADD node_modules/strip-ansi
3058 silly ADD node_modules/optionator
3059 silly ADD node_modules/lodash.merge
3060 silly ADD node_modules/levn
3061 silly ADD node_modules/json-stable-stringify-without-jsonify
3062 silly ADD node_modules/js-yaml
3063 silly ADD node_modules/is-path-inside
3064 silly ADD node_modules/imurmurhash
3065 silly ADD node_modules/globals
3066 silly ADD node_modules/glob-parent
3067 silly ADD node_modules/find-up
3068 silly ADD node_modules/file-entry-cache
3069 silly ADD node_modules/fast-deep-equal
3070 silly ADD node_modules/esutils
3071 silly ADD node_modules/esquery
3072 silly ADD node_modules/espree
3073 silly ADD node_modules/eslint-scope
3074 silly ADD node_modules/escape-string-regexp
3075 silly ADD node_modules/doctrine
3076 silly ADD node_modules/cross-spawn
3077 silly ADD node_modules/chalk
3078 silly ADD node_modules/ajv
3079 silly ADD node_modules/@ungap/structured-clone
3080 silly ADD node_modules/@nodelib/fs.walk
3081 silly ADD node_modules/@humanwhocodes/module-importer
3082 silly ADD node_modules/@humanwhocodes/config-array
3083 silly ADD node_modules/@humanwhocodes/config-array/node_modules/brace-expansion
3084 silly ADD node_modules/@humanwhocodes/config-array/node_modules/minimatch
3085 silly ADD node_modules/@eslint/js
3086 silly ADD node_modules/@eslint/eslintrc
3087 silly ADD node_modules/@eslint/eslintrc/node_modules/brace-expansion
3088 silly ADD node_modules/@eslint/eslintrc/node_modules/minimatch
3089 silly ADD node_modules/ms
3090 silly ADD node_modules/update-browserslist-db
3091 silly ADD node_modules/node-releases
3092 silly ADD node_modules/electron-to-chromium
3093 silly ADD node_modules/baseline-browser-mapping
3094 silly ADD node_modules/proxy-from-env
3095 silly ADD node_modules/https-proxy-agent
3096 silly ADD node_modules/form-data
3097 silly ADD node_modules/follow-redirects
3098 silly ADD node_modules/postcss-value-parser
3099 silly ADD node_modules/fraction.js
3100 silly ADD node_modules/caniuse-lite
3101 silly ADD node_modules/@types/babel__traverse
3102 silly ADD node_modules/@types/babel__template
3103 silly ADD node_modules/@types/babel__generator
3104 silly ADD node_modules/@jridgewell/resolve-uri
3105 silly ADD node_modules/@jridgewell/sourcemap-codec
3106 silly ADD node_modules/@babel/helper-string-parser
3107 silly ADD node_modules/@babel/helper-globals
3108 silly ADD node_modules/@babel/helper-plugin-utils
3109 silly ADD node_modules/@babel/helper-module-imports
3110 silly ADD node_modules/lru-cache
3111 silly ADD node_modules/browserslist
3112 silly ADD node_modules/@babel/helper-validator-option
3113 silly ADD node_modules/@babel/compat-data
3114 silly ADD node_modules/jsesc
3115 silly ADD node_modules/@jridgewell/trace-mapping
3116 silly ADD node_modules/@jridgewell/gen-mapping
3117 silly ADD node_modules/picocolors
3118 silly ADD node_modules/js-tokens
3119 silly ADD node_modules/@babel/helper-validator-identifier
3120 silly ADD node_modules/json5
3121 silly ADD node_modules/gensync
3122 silly ADD node_modules/convert-source-map
3123 silly ADD node_modules/@jridgewell/remapping
3124 silly ADD node_modules/@babel/types
3125 silly ADD node_modules/@babel/traverse
3126 silly ADD node_modules/@babel/template
3127 silly ADD node_modules/@babel/parser
3128 silly ADD node_modules/@babel/helpers
3129 silly ADD node_modules/@babel/helper-module-transforms
3130 silly ADD node_modules/@babel/helper-compilation-targets
3131 silly ADD node_modules/@babel/helper-compilation-targets/node_modules/semver
3132 silly ADD node_modules/@babel/generator
3133 silly ADD node_modules/@babel/code-frame
3134 silly ADD node_modules/react-refresh
3135 silly ADD node_modules/@types/babel__core
3136 silly ADD node_modules/@rolldown/pluginutils
3137 silly ADD node_modules/@babel/plugin-transform-react-jsx-source
3138 silly ADD node_modules/@babel/plugin-transform-react-jsx-self
3139 silly ADD node_modules/@babel/core
3140 silly ADD node_modules/@babel/core/node_modules/semver
3141 silly ADD node_modules/eslint-visitor-keys
3142 silly ADD node_modules/@eslint-community/eslint-utils
3143 silly ADD node_modules/semver
3144 silly ADD node_modules/minimatch
3145 silly ADD node_modules/is-glob
3146 silly ADD node_modules/globby
3147 silly ADD node_modules/debug
3148 silly ADD node_modules/@typescript-eslint/typescript-estree
3149 silly ADD node_modules/@typescript-eslint/types
3150 silly ADD node_modules/ts-api-utils
3151 silly ADD node_modules/natural-compare
3152 silly ADD node_modules/ignore
3153 silly ADD node_modules/graphemer
3154 silly ADD node_modules/@typescript-eslint/visitor-keys
3155 silly ADD node_modules/@typescript-eslint/utils
3156 silly ADD node_modules/@typescript-eslint/type-utils
3157 silly ADD node_modules/@typescript-eslint/scope-manager
3158 silly ADD node_modules/@eslint-community/regexpp
3159 silly ADD node_modules/csstype
3160 silly ADD node_modules/@types/prop-types
3161 silly ADD node_modules/@tanstack/query-core
3162 silly ADD node_modules/state-local
3163 silly ADD node_modules/@monaco-editor/loader
3164 silly ADD node_modules/typescript
3165 silly ADD node_modules/tailwindcss
3166 silly ADD node_modules/react-router-dom
3167 silly ADD node_modules/react-hook-form
3168 silly ADD node_modules/lucide-react
3169 silly ADD node_modules/eslint-plugin-react-refresh
3170 silly ADD node_modules/eslint-plugin-react-hooks
3171 silly ADD node_modules/axios
3172 silly ADD node_modules/postcss
3173 silly ADD node_modules/autoprefixer
3174 silly ADD node_modules/vite
3175 silly ADD node_modules/@vitejs/plugin-react
3176 silly ADD node_modules/@typescript-eslint/parser
3177 silly ADD node_modules/eslint
3178 silly ADD node_modules/eslint/node_modules/brace-expansion
3179 silly ADD node_modules/eslint/node_modules/minimatch
3180 silly ADD node_modules/@typescript-eslint/eslint-plugin
3181 silly ADD node_modules/@types/react-dom
3182 silly ADD node_modules/@types/react
3183 silly ADD node_modules/@tanstack/react-query
3184 silly ADD node_modules/monaco-editor
3185 silly ADD node_modules/react-dom
3186 silly ADD node_modules/react
3187 silly ADD node_modules/@monaco-editor/react
3188 verbose cwd /Users/sachingopalakrishnan/PasteBin/pasteflow/frontend
3189 verbose os Darwin 25.3.0
3190 verbose node v22.17.0
3191 verbose npm  v10.9.2
3192 notice
3192 notice New [31mmajor[39m version of npm available! [31m10.9.2[39m -> [34m12.0.2[39m
3192 notice Changelog: [34mhttps://github.com/npm/cli/releases/tag/v12.0.2[39m
3192 notice To update run: [4mnpm install -g npm@12.0.2[24m
3192 notice  { force: true, [Symbol(proc-log.meta)]: true }
3193 verbose exit 0
3194 info ok
